"","startYear","genres","mean_ratings","count"
"1",1981,"Action",6.39753521126761,852
"2",1981,"Adult",5.60105633802817,284
"3",1981,"Adventure",6.49414634146341,1025
"4",1981,"Animation",6.65891553701773,959
"5",1981,"Biography",7.16328125,128
"6",1981,"Comedy",6.76990783410138,2170
"7",1981,"Crime",6.95192837465565,726
"8",1981,"Documentary",7.18166259168704,409
"9",1981,"Drama",6.84150268336315,2795
"10",1981,"Family",6.94624217118998,958
"11",1981,"Fantasy",6.84983606557377,305
"12",1981,"Game-Show",6.83846153846154,26
"13",1981,"History",7.35730337078652,178
"14",1981,"Horror",5.91347517730496,282
"15",1981,"Music",7.0431906614786,257
"16",1981,"Musical",6.69587628865979,97
"17",1981,"Mystery",6.93216560509554,314
"18",1981,"News",6.45555555555556,18
"19",1981,"Romance",6.78401486988848,538
"20",1981,"Sci-Fi",6.37124463519313,233
"21",1981,"Short",6.50263788968825,417
"22",1981,"Sport",6.37027027027027,74
"23",1981,"Talk-Show",7.6448275862069,58
"24",1981,"Thriller",6.24835680751174,213
"25",1981,"War",7.0739837398374,123
"26",1981,"Western",7.378,50
"27",1982,"Action",6.36871378910776,863
"28",1982,"Adult",5.57593360995851,241
"29",1982,"Adventure",6.67958015267176,1048
"30",1982,"Animation",6.65659863945578,735
"31",1982,"Biography",7.20740740740741,108
"32",1982,"Comedy",6.75061992304404,2339
"33",1982,"Crime",6.92959459459459,740
"34",1982,"Documentary",7.27774936061381,391
"35",1982,"Drama",6.77603702434008,2917
"36",1982,"Family",6.88960612691466,914
"37",1982,"Fantasy",6.51804511278196,266
"38",1982,"Game-Show",6.934375,32
"39",1982,"History",7.13453237410072,139
"40",1982,"Horror",5.67011070110701,271
"41",1982,"Music",7.06347826086956,345
"42",1982,"Musical",6.57971014492754,138
"43",1982,"Mystery",6.90604982206406,281
"44",1982,"News",6.30588235294118,17
"45",1982,"Romance",6.80696095076401,589
"46",1982,"Sci-Fi",6.16057692307692,208
"47",1982,"Short",6.53953488372093,387
"48",1982,"Sport",6.70459770114943,87
"49",1982,"Talk-Show",7.45285714285714,70
"50",1982,"Thriller",6.22545454545455,220
"51",1982,"War",7.06893939393939,132
"52",1982,"Western",6.86451612903226,62
"53",1983,"Action",6.72319391634981,1315
"54",1983,"Adult",5.69228295819936,311
"55",1983,"Adventure",6.84428672817601,1409
"56",1983,"Animation",6.9119512195122,1230
"57",1983,"Biography",7.19507042253521,142
"58",1983,"Comedy",6.8160472972973,2368
"59",1983,"Crime",6.99142185663925,851
"60",1983,"Documentary",7.24748490945674,497
"61",1983,"Drama",6.83731836195509,3028
"62",1983,"Family",6.99075025693731,973
"63",1983,"Fantasy",6.62304832713755,269
"64",1983,"Game-Show",6.97619047619048,42
"65",1983,"History",7.32268041237113,194
"66",1983,"Horror",5.675,208
"67",1983,"Music",6.97774294670846,319
"68",1983,"Musical",6.44655172413793,116
"69",1983,"Mystery",6.84221453287197,289
"70",1983,"News",6.865,20
"71",1983,"Romance",6.75363489499192,619
"72",1983,"Sci-Fi",6.13406593406593,182
"73",1983,"Short",6.41658291457286,398
"74",1983,"Sport",6.51884057971014,69
"75",1983,"Talk-Show",7.43614457831325,83
"76",1983,"Thriller",6.0073732718894,217
"77",1983,"War",6.95534591194969,159
"78",1983,"Western",6.63636363636364,33
"79",1984,"Action",6.625,1240
"80",1984,"Adult",5.73542168674699,415
"81",1984,"Adventure",6.71043239533288,1457
"82",1984,"Animation",6.68136117556071,1293
"83",1984,"Biography",7.0965811965812,117
"84",1984,"Comedy",6.78380097268986,2673
"85",1984,"Crime",7.0567940552017,942
"86",1984,"Documentary",7.17251732101617,433
"87",1984,"Drama",6.84439083232811,3316
"88",1984,"Family",7.06043388429752,968
"89",1984,"Fantasy",6.73309090909091,275
"90",1984,"Game-Show",6.78205128205128,39
"91",1984,"History",7.40174672489083,229
"92",1984,"Horror",5.73938053097345,226
"93",1984,"Music",7.0469696969697,330
"94",1984,"Musical",6.58225806451613,124
"95",1984,"Mystery",6.96132404181185,287
"96",1984,"News",6.71875,16
"97",1984,"Romance",6.7110119047619,672
"98",1984,"Sci-Fi",6.20175438596491,228
"99",1984,"Short",6.56414141414141,396
"100",1984,"Sport",6.46181818181818,110
"101",1984,"Talk-Show",7.53382352941177,68
"102",1984,"Thriller",5.98177966101695,236
"103",1984,"War",6.84803149606299,127
"104",1984,"Western",7.48,45
"105",1985,"Action",6.7241550695825,2012
"106",1985,"Adult",6.00251798561151,556
"107",1985,"Adventure",6.8415626695605,1843
"108",1985,"Animation",6.95957224830464,1917
"109",1985,"Biography",6.88173076923077,104
"110",1985,"Comedy",6.82630780894617,2638
"111",1985,"Crime",6.92310821806347,1229
"112",1985,"Documentary",7.22767676767677,495
"113",1985,"Drama",6.89484536082474,3589
"114",1985,"Family",7.24643527204503,1066
"115",1985,"Fantasy",6.78821917808219,365
"116",1985,"Game-Show",6.77,30
"117",1985,"History",7.40054347826087,184
"118",1985,"Horror",5.4780701754386,228
"119",1985,"Music",7.28409090909091,352
"120",1985,"Musical",6.38849557522124,113
"121",1985,"Mystery",7.07004950495049,404
"122",1985,"News",6.66111111111111,18
"123",1985,"Romance",6.74799025578563,821
"124",1985,"Sci-Fi",6.42783882783883,273
"125",1985,"Short",6.38545454545455,440
"126",1985,"Sport",6.15925925925926,108
"127",1985,"Talk-Show",7.21428571428571,84
"128",1985,"Thriller",6.03032786885246,244
"129",1985,"War",6.71301369863014,146
"130",1985,"Western",7.53055555555556,36
"131",1986,"Action",6.86908442330559,1682
"132",1986,"Adult",5.97558139534884,516
"133",1986,"Adventure",6.95258413461538,1664
"134",1986,"Animation",7.05661467359908,1731
"135",1986,"Biography",7.04265734265734,143
"136",1986,"Comedy",6.86066291432145,3198
"137",1986,"Crime",6.88852188274154,1211
"138",1986,"Documentary",7.21708428246014,439
"139",1986,"Drama",6.86050972869279,3649
"140",1986,"Family",7.09429477020602,1262
"141",1986,"Fantasy",6.74244791666667,384
"142",1986,"Game-Show",6.66969696969697,33
"143",1986,"History",7.22477064220184,109
"144",1986,"Horror",5.60431654676259,278
"145",1986,"Music",6.88646864686469,303
"146",1986,"Musical",6.78561151079137,139
"147",1986,"Mystery",7.1,329
"148",1986,"News",5.79473684210526,19
"149",1986,"Romance",6.6387969924812,665
"150",1986,"Sci-Fi",6.46024096385542,249
"151",1986,"Short",6.54436781609195,435
"152",1986,"Sport",6.15967741935484,124
"153",1986,"Talk-Show",7.56818181818182,66
"154",1986,"Thriller",5.87671755725191,262
"155",1986,"War",6.4368932038835,103
"156",1986,"Western",6.45217391304348,23
"157",1987,"Action",6.61731946144431,1634
"158",1987,"Adult",5.9877358490566,424
"159",1987,"Adventure",6.93403068340307,1434
"160",1987,"Animation",7.10102105934907,1567
"161",1987,"Biography",7.15826771653543,127
"162",1987,"Comedy",6.87992125984252,3302
"163",1987,"Crime",6.9263109475621,1087
"164",1987,"Documentary",7.40018450184502,542
"165",1987,"Drama",6.90586473671076,4007
"166",1987,"Family",7.2551328068916,1393
"167",1987,"Fantasy",6.5676844783715,393
"168",1987,"Game-Show",6.59230769230769,39
"169",1987,"History",7.2379679144385,187
"170",1987,"Horror",5.61568123393316,389
"171",1987,"Music",7.25296167247387,287
"172",1987,"Musical",6.61875,112
"173",1987,"Mystery",7.12184684684685,444
"174",1987,"News",7.0551724137931,29
"175",1987,"Romance",6.96394176931691,893
"176",1987,"Sci-Fi",6.31274509803922,306
"177",1987,"Short",6.54635627530364,494
"178",1987,"Sport",6.15645161290323,124
"179",1987,"Talk-Show",7.27741935483871,93
"180",1987,"Thriller",5.91350482315113,311
"181",1987,"War",6.9525,160
"182",1987,"Western",5.74736842105263,19
"183",1988,"Action",6.45193798449612,1419
"184",1988,"Adult",6.05983827493261,371
"185",1988,"Adventure",6.89118165784832,1134
"186",1988,"Animation",6.96361538461538,1300
"187",1988,"Biography",7.12112676056338,142
"188",1988,"Comedy",6.82293781725888,3152
"189",1988,"Crime",6.83842105263158,1140
"190",1988,"Documentary",7.04599659284497,587
"191",1988,"Drama",6.908,3775
"192",1988,"Family",7.26961038961039,1155
"193",1988,"Fantasy",6.65574837310195,461
"194",1988,"Game-Show",6.71129032258064,62
"195",1988,"History",7.57107438016529,242
"196",1988,"Horror",5.63943965517241,464
"197",1988,"Music",7.1522491349481,289
"198",1988,"Musical",6.38709677419355,93
"199",1988,"Mystery",6.95885947046843,491
"200",1988,"News",6.06071428571429,28
"201",1988,"Romance",6.88479467258602,901
"202",1988,"Sci-Fi",6.28429487179487,312
"203",1988,"Short",6.60202839756592,493
"204",1988,"Sport",6.43790322580645,124
"205",1988,"Talk-Show",7.5,70
"206",1988,"Thriller",6.07379679144385,374
"207",1988,"War",6.8719806763285,207
"208",1988,"Western",6.93076923076923,26
"209",1989,"Action",6.55250596658711,1676
"210",1989,"Adult",6.20606796116505,412
"211",1989,"Adventure",6.82483847810481,1393
"212",1989,"Animation",6.91186943620178,1348
"213",1989,"Biography",6.89714285714286,140
"214",1989,"Comedy",6.89529078014184,3525
"215",1989,"Crime",6.81637658227848,1264
"216",1989,"Documentary",7.08524332810047,637
"217",1989,"Drama",6.90429813664596,4025
"218",1989,"Family",7.23338607594937,1264
"219",1989,"Fantasy",6.59295499021526,511
"220",1989,"Game-Show",6.72638888888889,72
"221",1989,"History",7.19222614840989,283
"222",1989,"Horror",5.60994263862333,523
"223",1989,"Music",7.23170731707317,287
"224",1989,"Musical",6.57037037037037,81
"225",1989,"Mystery",7.02310286677909,593
"226",1989,"News",6.08372093023256,43
"227",1989,"Romance",6.73271832718327,813
"228",1989,"Sci-Fi",6.17577639751553,322
"229",1989,"Short",6.54214559386973,522
"230",1989,"Sport",6.71888888888889,180
"231",1989,"Talk-Show",7.26829268292683,82
"232",1989,"Thriller",5.83809523809524,399
"233",1989,"War",7.09409090909091,220
"234",1989,"Western",7.47846153846154,65
"235",1990,"Action",6.38689288090486,1503
"236",1990,"Adult",6.19133663366337,404
"237",1990,"Adventure",7.05024734982332,1415
"238",1990,"Animation",6.99199706314244,1362
"239",1990,"Biography",6.839375,160
"240",1990,"Comedy",6.97618410489698,3737
"241",1990,"Crime",6.70660237388724,1348
"242",1990,"Documentary",7.02060857538036,723
"243",1990,"Drama",6.8402478314746,4035
"244",1990,"Family",7.09252640129976,1231
"245",1990,"Fantasy",6.43852813852814,462
"246",1990,"Game-Show",6.4375,96
"247",1990,"History",7.21747967479675,246
"248",1990,"Horror",5.55341176470588,425
"249",1990,"Music",7.24985835694051,353
"250",1990,"Musical",7.09649122807018,114
"251",1990,"Mystery",7.0950184501845,542
"252",1990,"News",5.82692307692308,26
"253",1990,"Romance",6.52310513447433,818
"254",1990,"Sci-Fi",6.0978102189781,274
"255",1990,"Short",6.3631970260223,538
"256",1990,"Sport",6.83640552995392,217
"257",1990,"Talk-Show",6.99878048780488,82
"258",1990,"Thriller",5.74959128065395,367
"259",1990,"War",7.23028571428571,175
"260",1990,"Western",7.562,50
"261",1991,"Action",6.53292533659731,1634
"262",1991,"Adult",6.18719806763285,414
"263",1991,"Adventure",7.08911651728553,1562
"264",1991,"Animation",7.1132848645076,1513
"265",1991,"Biography",6.91818181818182,143
"266",1991,"Comedy",7.00351145038168,3930
"267",1991,"Crime",6.81718131433096,1263
"268",1991,"Documentary",7.17095541401274,785
"269",1991,"Drama",6.90377262299261,3923
"270",1991,"Family",7.19041353383459,1064
"271",1991,"Fantasy",6.58095238095238,483
"272",1991,"Game-Show",7.03595505617978,89
"273",1991,"History",7.48286713286713,286
"274",1991,"Horror",5.6,354
"275",1991,"Music",7.27204819277108,415
"276",1991,"Musical",6.82680412371134,97
"277",1991,"Mystery",7.02337917485265,509
"278",1991,"News",6.54230769230769,26
"279",1991,"Romance",6.62362971985384,821
"280",1991,"Sci-Fi",6.24147286821705,258
"281",1991,"Short",6.74388984509466,581
"282",1991,"Sport",6.7565,200
"283",1991,"Talk-Show",6.8394495412844,109
"284",1991,"Thriller",5.74,350
"285",1991,"War",6.89333333333333,120
"286",1991,"Western",7.30555555555556,54
"287",1992,"Action",6.53590425531915,1504
"288",1992,"Adult",6.29188118811881,505
"289",1992,"Adventure",7.08560606060606,1584
"290",1992,"Animation",7.11291696238467,1409
"291",1992,"Biography",6.97153284671533,137
"292",1992,"Comedy",7.02885043263288,4045
"293",1992,"Crime",6.83067577828398,1317
"294",1992,"Documentary",7.12360616844603,843
"295",1992,"Drama",6.85292450399382,3881
"296",1992,"Family",7.06808873720137,1172
"297",1992,"Fantasy",6.7445871559633,545
"298",1992,"Game-Show",6.93882352941176,85
"299",1992,"History",7.25016611295681,301
"300",1992,"Horror",5.64587912087912,364
"301",1992,"Music",7.24915254237288,413
"302",1992,"Musical",6.75540540540541,74
"303",1992,"Mystery",7.06137931034483,435
"304",1992,"News",5.87105263157895,38
"305",1992,"Romance",6.53239740820734,926
"306",1992,"Sci-Fi",6.36489361702128,282
"307",1992,"Short",6.59237012987013,616
"308",1992,"Sport",6.76623376623377,231
"309",1992,"Talk-Show",6.24444444444444,99
"310",1992,"Thriller",5.6976253298153,379
"311",1992,"War",7.02991452991453,117
"312",1992,"Western",7.08636363636364,44
"313",1993,"Action",6.76009538950715,1887
"314",1993,"Adult",6.30644599303136,574
"315",1993,"Adventure",7.18787706317587,1757
"316",1993,"Animation",7.29629147690306,1537
"317",1993,"Biography",7.10245098039216,204
"318",1993,"Comedy",7.06883243771373,4094
"319",1993,"Crime",6.95122273628553,1513
"320",1993,"Documentary",7.16536748329621,898
"321",1993,"Drama",6.93531376759723,4191
"322",1993,"Family",7.15480620155039,1290
"323",1993,"Fantasy",6.81482213438735,506
"324",1993,"Game-Show",6.67107438016529,121
"325",1993,"History",7.19651162790698,172
"326",1993,"Horror",5.72547770700637,314
"327",1993,"Music",7.29744680851064,470
"328",1993,"Musical",6.5641975308642,81
"329",1993,"Mystery",7.27781456953642,604
"330",1993,"News",6.05106382978723,47
"331",1993,"Romance",6.62842696629213,890
"332",1993,"Sci-Fi",6.3420245398773,326
"333",1993,"Short",6.56772793053546,691
"334",1993,"Sport",6.4487012987013,308
"335",1993,"Talk-Show",6.20246913580247,81
"336",1993,"Thriller",5.65288220551378,399
"337",1993,"War",6.50574712643678,87
"338",1993,"Western",7.04852941176471,68
"339",1994,"Action",6.75739206279983,2293
"340",1994,"Adult",6.3875,616
"341",1994,"Adventure",7.15920930232558,2150
"342",1994,"Animation",7.31953955135773,1694
"343",1994,"Biography",6.86268656716418,201
"344",1994,"Comedy",7.06714453584019,4255
"345",1994,"Crime",6.9934396076027,1631
"346",1994,"Documentary",7.18310749774164,1107
"347",1994,"Drama",6.90936872629935,4483
"348",1994,"Family",7.15595588235294,1360
"349",1994,"Fantasy",6.80910683012259,571
"350",1994,"Game-Show",7.28364779874214,159
"351",1994,"History",7.36028037383178,214
"352",1994,"Horror",5.73046357615894,302
"353",1994,"Music",7.34447058823529,425
"354",1994,"Musical",7.20967741935484,93
"355",1994,"Mystery",7.09176829268293,656
"356",1994,"News",6.00526315789474,57
"357",1994,"Romance",6.73022312373225,986
"358",1994,"Sci-Fi",6.31967213114754,366
"359",1994,"Short",6.60054794520548,730
"360",1994,"Sport",6.71163522012579,318
"361",1994,"Talk-Show",6.38,115
"362",1994,"Thriller",5.76780821917808,438
"363",1994,"War",7.11775700934579,107
"364",1994,"Western",6.86039603960396,101
"365",1995,"Action",6.90427176566314,2458
"366",1995,"Adult",6.39351988217968,679
"367",1995,"Adventure",7.32454702329594,2318
"368",1995,"Animation",7.43774062816616,1974
"369",1995,"Biography",6.89806451612903,310
"370",1995,"Comedy",7.10939471839215,4279
"371",1995,"Crime",7.03913305237809,1661
"372",1995,"Documentary",7.14599504541701,1211
"373",1995,"Drama",6.96751907609816,4849
"374",1995,"Family",7.11898016997167,1412
"375",1995,"Fantasy",7.00179856115108,556
"376",1995,"Game-Show",7.46372549019608,102
"377",1995,"History",7.42961956521739,368
"378",1995,"Horror",5.6267029972752,367
"379",1995,"Music",7.43630705394191,482
"380",1995,"Musical",6.75365853658537,82
"381",1995,"Mystery",7.11926229508197,732
"382",1995,"News",6.23181818181818,66
"383",1995,"Romance",6.80464216634429,1034
"384",1995,"Sci-Fi",6.29800884955752,452
"385",1995,"Short",6.6487684729064,812
"386",1995,"Sport",6.62269736842105,304
"387",1995,"Talk-Show",6.84150943396226,159
"388",1995,"Thriller",5.82674199623352,531
"389",1995,"War",7.43155339805825,206
"390",1995,"Western",7.35633802816901,142
"391",1996,"Action",6.92350443844076,2591
"392",1996,"Adult",6.48270676691729,532
"393",1996,"Adventure",7.19391143911439,2168
"394",1996,"Animation",7.33894255210981,1967
"395",1996,"Biography",6.72935153583618,293
"396",1996,"Comedy",7.06263374485597,4860
"397",1996,"Crime",7.05163288288288,1776
"398",1996,"Documentary",7.20030326004549,1319
"399",1996,"Drama",6.97454508280515,4891
"400",1996,"Family",7.22015838732901,1389
"401",1996,"Fantasy",6.829793977813,631
"402",1996,"Game-Show",7.11801801801802,111
"403",1996,"History",7.22016129032258,248
"404",1996,"Horror",5.93832923832924,407
"405",1996,"Music",7.35653153153153,444
"406",1996,"Musical",6.61739130434783,92
"407",1996,"Mystery",7.24782608695652,736
"408",1996,"News",5.73777777777778,135
"409",1996,"Romance",6.85032021957914,1093
"410",1996,"Sci-Fi",6.34665127020785,433
"411",1996,"Short",6.66135371179039,916
"412",1996,"Sport",6.6463768115942,345
"413",1996,"Talk-Show",6.59444444444444,306
"414",1996,"Thriller",5.92202166064982,554
"415",1996,"War",7.19345794392523,107
"416",1996,"Western",7.318,100
"417",1997,"Action",7.00343362831858,2825
"418",1997,"Adult",6.51852551984877,529
"419",1997,"Adventure",7.16485647788984,2578
"420",1997,"Animation",7.37197278911565,2205
"421",1997,"Biography",7.10925925925926,324
"422",1997,"Comedy",6.9587835354649,5442
"423",1997,"Crime",7.04979057591623,1910
"424",1997,"Documentary",7.22206381534284,1473
"425",1997,"Drama",6.94723082881487,5164
"426",1997,"Family",6.90176553672316,1416
"427",1997,"Fantasy",6.52556480380499,841
"428",1997,"Game-Show",6.69746835443038,79
"429",1997,"History",7.33479318734793,411
"430",1997,"Horror",5.85926892950392,383
"431",1997,"Music",7.03300395256917,506
"432",1997,"Musical",5.81120331950207,241
"433",1997,"Mystery",7.31002506265664,798
"434",1997,"News",5.39264705882353,204
"435",1997,"Romance",6.80284360189573,1266
"436",1997,"Sci-Fi",6.43301204819277,415
"437",1997,"Short",6.67192118226601,1015
"438",1997,"Sport",6.72521994134897,341
"439",1997,"Talk-Show",5.63021390374332,374
"440",1997,"Thriller",5.95080500894454,559
"441",1997,"War",7.01848739495798,119
"442",1997,"Western",7.4156862745098,51
"443",1998,"Action",6.96415532691669,3013
"444",1998,"Adult",6.52848837209302,516
"445",1998,"Adventure",7.16375650780937,2497
"446",1998,"Animation",7.28402178847027,2203
"447",1998,"Biography",6.97472527472527,364
"448",1998,"Comedy",6.96455445544554,5555
"449",1998,"Crime",7.06328754144955,2111
"450",1998,"Documentary",7.1782412626832,1774
"451",1998,"Drama",6.97336936265375,5366
"452",1998,"Family",6.71688311688312,1309
"453",1998,"Fantasy",6.29369797859691,841
"454",1998,"Game-Show",7.05032679738562,153
"455",1998,"History",7.41180555555556,288
"456",1998,"Horror",5.81457489878543,494
"457",1998,"Music",7.05496828752643,473
"458",1998,"Musical",5.04226804123711,194
"459",1998,"Mystery",7.31616541353383,798
"460",1998,"News",5.17725118483412,211
"461",1998,"Romance",6.83554175293306,1449
"462",1998,"Sci-Fi",6.5178970917226,447
"463",1998,"Short",6.72970069071374,1303
"464",1998,"Sport",6.70887949260042,473
"465",1998,"Talk-Show",5.51261261261261,333
"466",1998,"Thriller",6.08590831918506,589
"467",1998,"War",7.14166666666667,144
"468",1998,"Western",7.10327868852459,61
"469",1999,"Action",6.98412204234122,3212
"470",1999,"Adult",6.63460869565217,575
"471",1999,"Adventure",7.17402805611222,2495
"472",1999,"Animation",7.27121451104101,2536
"473",1999,"Biography",6.97815533980583,412
"474",1999,"Comedy",6.95653953183827,6109
"475",1999,"Crime",7.02723995880535,1942
"476",1999,"Documentary",7.15432645034415,2034
"477",1999,"Drama",6.92693856998993,5958
"478",1999,"Family",7.05830235439901,1614
"479",1999,"Fantasy",6.50764075067024,746
"480",1999,"Game-Show",6.82040816326531,147
"481",1999,"History",7.40326086956522,460
"482",1999,"Horror",5.96684397163121,564
"483",1999,"Music",6.96265486725664,565
"484",1999,"Musical",5.26,115
"485",1999,"Mystery",7.35493133583021,801
"486",1999,"News",5.99108910891089,101
"487",1999,"Romance",6.80304449648712,1708
"488",1999,"Sci-Fi",6.50286343612335,454
"489",1999,"Short",6.60245591939547,1588
"490",1999,"Sport",6.65133470225873,487
"491",1999,"Talk-Show",6.25970695970696,273
"492",1999,"Thriller",5.89983896940419,621
"493",1999,"War",7.32088607594937,158
"494",1999,"Western",6.61162790697674,43
"495",2000,"Action",6.93390216154721,3516
"496",2000,"Adult",6.65238095238095,588
"497",2000,"Adventure",7.02269158878505,2675
"498",2000,"Animation",7.18362863217576,2822
"499",2000,"Biography",7.01370143149284,489
"500",2000,"Comedy",6.99127416955875,6051
"501",2000,"Crime",7.03936120244246,2129
"502",2000,"Documentary",7.0653895824365,2323
"503",2000,"Drama",7.10999521759924,6273
"504",2000,"Family",7.05932721712538,1635
"505",2000,"Fantasy",6.54622871046229,822
"506",2000,"Game-Show",6.15485893416928,319
"507",2000,"History",7.4662037037037,432
"508",2000,"Horror",5.9034965034965,715
"509",2000,"Music",6.96813186813187,546
"510",2000,"Musical",6.02272727272727,132
"511",2000,"Mystery",7.21426966292135,890
"512",2000,"News",6.02025316455696,79
"513",2000,"Romance",6.93972081218274,1576
"514",2000,"Sci-Fi",6.64704684317719,491
"515",2000,"Short",6.67538779731127,1934
"516",2000,"Sport",6.38038461538462,520
"517",2000,"Talk-Show",6.24811715481172,239
"518",2000,"Thriller",5.78828125,640
"519",2000,"War",7.18639053254438,169
"520",2000,"Western",6.90882352941177,34
"521",2001,"Action",6.98802021403092,3364
"522",2001,"Adult",6.56009316770186,644
"523",2001,"Adventure",7.13062352012628,2534
"524",2001,"Animation",7.20610526315789,2850
"525",2001,"Biography",6.96637554585153,458
"526",2001,"Comedy",7.03318604296815,6563
"527",2001,"Crime",6.89991063449509,2238
"528",2001,"Documentary",7.21319926873857,2735
"529",2001,"Drama",7.13027758007117,7025
"530",2001,"Family",7.21192758253461,1878
"531",2001,"Fantasy",6.82438524590164,976
"532",2001,"Game-Show",6.76356164383562,365
"533",2001,"History",7.49837962962963,432
"534",2001,"Horror",5.89121212121212,660
"535",2001,"Music",7.11565096952909,722
"536",2001,"Musical",6.1521472392638,163
"537",2001,"Mystery",7.23746065057713,953
"538",2001,"News",6.40232558139535,86
"539",2001,"Romance",6.96110244409776,1923
"540",2001,"Sci-Fi",6.7723259762309,589
"541",2001,"Short",6.69995433789954,2190
"542",2001,"Sport",6.86745182012848,467
"543",2001,"Talk-Show",6.37166666666667,300
"544",2001,"Thriller",5.76003236245955,618
"545",2001,"War",7.19943181818182,176
"546",2001,"Western",7.36136363636364,44
"547",2002,"Action",6.9790811904074,3461
"548",2002,"Adult",6.65557299843014,637
"549",2002,"Adventure",7.19633982538616,2978
"550",2002,"Animation",7.20312215822977,3299
"551",2002,"Biography",6.92048780487805,410
"552",2002,"Comedy",6.97758369723435,6870
"553",2002,"Crime",7.07546125461255,2168
"554",2002,"Documentary",7.14270592127026,3023
"555",2002,"Drama",7.09963734049698,7445
"556",2002,"Family",7.02642369020501,1756
"557",2002,"Fantasy",6.7214709371293,843
"558",2002,"Game-Show",6.44966139954853,443
"559",2002,"History",7.29926650366748,409
"560",2002,"Horror",5.71154401154401,693
"561",2002,"Music",6.94195624195624,777
"562",2002,"Musical",6.832,150
"563",2002,"Mystery",7.20052465897167,953
"564",2002,"News",5.60592592592593,135
"565",2002,"Romance",6.80668069437138,1901
"566",2002,"Sci-Fi",6.7819734345351,527
"567",2002,"Short",6.72030692362598,2802
"568",2002,"Sport",6.72833333333333,540
"569",2002,"Talk-Show",6.08660130718954,306
"570",2002,"Thriller",6.13081481481481,675
"571",2002,"War",6.98857142857143,175
"572",2002,"Western",6.86428571428571,28
"573",2003,"Action",7.09384696292401,3803
"574",2003,"Adult",6.55618631732169,687
"575",2003,"Adventure",7.27391304347826,3220
"576",2003,"Animation",7.24193905817175,3610
"577",2003,"Biography",7.00566502463054,406
"578",2003,"Comedy",6.92692678891493,7253
"579",2003,"Crime",7.11276505513147,2358
"580",2003,"Documentary",7.08775510204082,3626
"581",2003,"Drama",7.12569803516029,7736
"582",2003,"Family",7.0452296819788,1698
"583",2003,"Fantasy",6.85158371040724,884
"584",2003,"Game-Show",6.12362948960303,529
"585",2003,"History",7.48904847396768,557
"586",2003,"Horror",5.7609819121447,774
"587",2003,"Music",6.67396386822529,941
"588",2003,"Musical",6.38674698795181,166
"589",2003,"Mystery",7.24451038575668,1011
"590",2003,"News",5.74479166666667,192
"591",2003,"Romance",6.83411826268969,1911
"592",2003,"Sci-Fi",6.51274509803922,510
"593",2003,"Short",6.75318694724001,3279
"594",2003,"Sport",6.99736842105263,456
"595",2003,"Talk-Show",6.11777251184834,422
"596",2003,"Thriller",6.0474043715847,732
"597",2003,"War",7.04522292993631,157
"598",2003,"Western",6.7025,40
"599",2004,"Action",7.12860163891092,3783
"600",2004,"Adult",6.66710875331565,754
"601",2004,"Adventure",7.27427854454203,3188
"602",2004,"Animation",7.2377239199157,3796
"603",2004,"Biography",7.13758099352052,463
"604",2004,"Comedy",6.92940685045948,8379
"605",2004,"Crime",7.30657948508378,2447
"606",2004,"Documentary",7.14302562939442,4409
"607",2004,"Drama",7.10425055928412,8046
"608",2004,"Family",7.14618696186962,1626
"609",2004,"Fantasy",7.02067156348374,953
"610",2004,"Game-Show",6.13,590
"611",2004,"History",7.66351931330472,699
"612",2004,"Horror",5.84227129337539,951
"613",2004,"Music",6.7269621421976,1083
"614",2004,"Musical",6.73818181818182,165
"615",2004,"Mystery",7.2269477543538,1091
"616",2004,"News",5.57988505747126,348
"617",2004,"Romance",6.80166585007349,2041
"618",2004,"Sci-Fi",6.553911205074,473
"619",2004,"Short",6.88909512761021,4310
"620",2004,"Sport",6.98292253521127,568
"621",2004,"Talk-Show",6.33369713506139,733
"622",2004,"Thriller",6.21326530612245,784
"623",2004,"War",7.26171875,256
"624",2004,"Western",6.78484848484849,33
"625",2005,"Action",7.11574884199691,3886
"626",2005,"Adult",6.82782051282051,780
"627",2005,"Adventure",7.39850662158354,3549
"628",2005,"Animation",7.37412155745489,4212
"629",2005,"Biography",7.05631691648822,467
"630",2005,"Comedy",7.00267884635123,9743
"631",2005,"Crime",7.31173657100809,2718
"632",2005,"Documentary",7.21298921091601,4727
"633",2005,"Drama",7.12572955199342,9732
"634",2005,"Family",7.22235477178423,1928
"635",2005,"Fantasy",7.08908145580589,1154
"636",2005,"Game-Show",6.28905547226387,667
"637",2005,"History",7.32447844228095,719
"638",2005,"Horror",5.76285979572888,1077
"639",2005,"Music",6.74270664505673,1234
"640",2005,"Musical",6.90432432432432,185
"641",2005,"Mystery",7.29337431693989,1464
"642",2005,"News",5.9929718875502,498
"643",2005,"Romance",6.81268251981644,2397
"644",2005,"Sci-Fi",6.66435452793834,519
"645",2005,"Short",6.91885125184094,4753
"646",2005,"Sport",7.00310650887574,676
"647",2005,"Talk-Show",6.08798235942668,907
"648",2005,"Thriller",6.37704918032787,915
"649",2005,"War",7.09683257918552,221
"650",2005,"Western",6.66428571428571,42
"651",2006,"Action",7.05544106559437,3979
"652",2006,"Adult",6.78277777777778,720
"653",2006,"Adventure",7.23182849936948,3965
"654",2006,"Animation",7.28730745532964,4869
"655",2006,"Biography",7.17781954887218,532
"656",2006,"Comedy",6.98604651162791,10621
"657",2006,"Crime",7.1513475177305,2820
"658",2006,"Documentary",7.22308151093439,5030
"659",2006,"Drama",7.06434034416826,10460
"660",2006,"Family",6.94385964912281,2223
"661",2006,"Fantasy",7.03365455893254,1349
"662",2006,"Game-Show",6.38986415882968,957
"663",2006,"History",7.28696808510638,752
"664",2006,"Horror",5.70702028081123,1282
"665",2006,"Music",6.79144385026738,1309
"666",2006,"Musical",6.6565445026178,191
"667",2006,"Mystery",7.24753127057275,1519
"668",2006,"News",6.31292962356792,611
"669",2006,"Romance",6.82303664921466,2483
"670",2006,"Sci-Fi",6.70448833034111,557
"671",2006,"Short",6.95232722143865,4963
"672",2006,"Sport",7.01750841750842,891
"673",2006,"Talk-Show",6.40616113744076,1055
"674",2006,"Thriller",6.15630797773655,1078
"675",2006,"War",7.14809160305343,262
"676",2006,"Western",6.50606060606061,33
"677",2007,"Action",7.10266415500538,3716
"678",2007,"Adult",6.81313320825516,533
"679",2007,"Adventure",7.26424932574168,3337
"680",2007,"Animation",7.31449676823638,4332
"681",2007,"Biography",7.15825688073395,436
"682",2007,"Comedy",7.00110366168128,9695
"683",2007,"Crime",7.13834738617201,2965
"684",2007,"Documentary",7.26605005440696,4595
"685",2007,"Drama",7.00258317418836,9949
"686",2007,"Family",7.06946406314915,2407
"687",2007,"Fantasy",7.00220848056537,1132
"688",2007,"Game-Show",6.15798898071625,726
"689",2007,"History",7.39336016096579,994
"690",2007,"Horror",5.73173605655931,1273
"691",2007,"Music",6.887265917603,1068
"692",2007,"Musical",6.83204419889503,181
"693",2007,"Mystery",7.20828571428571,1400
"694",2007,"News",6.60517857142857,560
"695",2007,"Romance",6.80506726457399,2230
"696",2007,"Sci-Fi",6.58195718654434,654
"697",2007,"Short",6.93509252912954,4377
"698",2007,"Sport",7.16264534883721,688
"699",2007,"Talk-Show",6.61225490196078,816
"700",2007,"Thriller",6.08840284842319,983
"701",2007,"War",7.27389937106918,318
"702",2007,"Western",6.21379310344828,29
"703",2008,"Action",7.059766615931,3942
"704",2008,"Adult",6.79208074534161,644
"705",2008,"Adventure",7.25361077111383,3268
"706",2008,"Animation",7.2814348785872,4530
"707",2008,"Biography",7.22503888024883,643
"708",2008,"Comedy",6.96778673400019,10297
"709",2008,"Crime",7.11785334750266,2823
"710",2008,"Documentary",7.28353524229075,5448
"711",2008,"Drama",7.02104483141904,10796
"712",2008,"Family",6.96434443963652,2311
"713",2008,"Fantasy",7.04183123877917,1114
"714",2008,"Game-Show",6.41426767676768,792
"715",2008,"History",7.43201834862385,1090
"716",2008,"Horror",5.78365730741541,1389
"717",2008,"Music",7.05690235690236,1188
"718",2008,"Musical",6.70169491525424,236
"719",2008,"Mystery",7.22365512159175,1357
"720",2008,"News",6.12685050798258,689
"721",2008,"Romance",6.73053790766624,2361
"722",2008,"Sci-Fi",6.45805142083897,739
"723",2008,"Short",6.94154706430569,5365
"724",2008,"Sport",7.16213183730715,713
"725",2008,"Talk-Show",6.29561403508772,912
"726",2008,"Thriller",6.30162308385933,1109
"727",2008,"War",7.30498442367601,321
"728",2008,"Western",6.21333333333333,45
"729",2009,"Action",7.08876946698837,4559
"730",2009,"Adult",6.59090909090909,561
"731",2009,"Adventure",7.29895965490992,3941
"732",2009,"Animation",7.2940310880829,4825
"733",2009,"Biography",7.31806615776081,786
"734",2009,"Comedy",7.02328042328042,12285
"735",2009,"Crime",7.19427580225499,3459
"736",2009,"Documentary",7.35274945679425,5983
"737",2009,"Drama",7.04568675076393,12763
"738",2009,"Family",7.14460486322188,2632
"739",2009,"Fantasy",6.98973977695167,1345
"740",2009,"Game-Show",6.68457661290323,992
"741",2009,"History",7.40178837555887,1342
"742",2009,"Horror",5.95708430913349,1708
"743",2009,"Music",7.11989978525412,1397
"744",2009,"Musical",7.05880149812734,267
"745",2009,"Mystery",7.15597519729425,1774
"746",2009,"News",7.18892508143322,614
"747",2009,"Romance",6.8028980052691,2657
"748",2009,"Sci-Fi",6.66545988258317,1022
"749",2009,"Short",6.98163995908626,5866
"750",2009,"Sport",7.27747875354108,706
"751",2009,"Talk-Show",7.10334101382488,868
"752",2009,"Thriller",6.27571860816944,1322
"753",2009,"War",7.25963541666667,384
"754",2009,"Western",6.26545454545455,55
"755",2010,"Action",7.1550070238812,4983
"756",2010,"Adult",6.59077181208054,596
"757",2010,"Adventure",7.32830235439901,4035
"758",2010,"Animation",7.26604150039904,5012
"759",2010,"Biography",7.23323671497585,1035
"760",2010,"Comedy",7.04728569237847,13042
"761",2010,"Crime",7.27063841496973,3634
"762",2010,"Documentary",7.37231673368388,6466
"763",2010,"Drama",7.09424686192469,13384
"764",2010,"Family",7.23244301994302,2808
"765",2010,"Fantasy",7.15646050214329,1633
"766",2010,"Game-Show",6.83580827067669,1064
"767",2010,"History",7.3461752433936,1438
"768",2010,"Horror",6.2010411502231,2017
"769",2010,"Music",7.1245492371706,1442
"770",2010,"Musical",6.88604651162791,258
"771",2010,"Mystery",7.26526757607555,1906
"772",2010,"News",7.07584745762712,708
"773",2010,"Romance",6.86421261142291,3029
"774",2010,"Sci-Fi",6.71268656716418,1072
"775",2010,"Short",6.98585537328423,5974
"776",2010,"Sport",7.19819915254237,944
"777",2010,"Talk-Show",6.90959367945824,886
"778",2010,"Thriller",6.39380764163373,1518
"779",2010,"War",7.18229813664596,322
"780",2010,"Western",6.394,50
"781",2011,"Action",7.1593557472276,5681
"782",2011,"Adult",6.33112701252236,559
"783",2011,"Adventure",7.40324647586502,4682
"784",2011,"Animation",7.30114739629303,5665
"785",2011,"Biography",7.26935779816514,1090
"786",2011,"Comedy",7.12485145282403,15315
"787",2011,"Crime",7.2869864640228,4211
"788",2011,"Documentary",7.40298744407562,6929
"789",2011,"Drama",7.13637967297646,14739
"790",2011,"Family",7.27438131753224,2869
"791",2011,"Fantasy",7.08159871244635,1864
"792",2011,"Game-Show",6.93270676691729,1330
"793",2011,"History",7.25799863852961,1469
"794",2011,"Horror",6.26214482126489,2182
"795",2011,"Music",7.16367628607277,1594
"796",2011,"Musical",7.09198606271777,287
"797",2011,"Mystery",7.22013218098627,1967
"798",2011,"News",7.3309670781893,972
"799",2011,"Romance",6.95276785714286,3360
"800",2011,"Sci-Fi",6.90042301184433,1182
"801",2011,"Short",7.03160637189221,6717
"802",2011,"Sport",7.16452004860267,823
"803",2011,"Talk-Show",7.13511859219587,1307
"804",2011,"Thriller",6.450207223209,1689
"805",2011,"War",6.91093247588424,311
"806",2011,"Western",6.76590909090909,88
"807",2012,"Action",7.21018533978961,5989
"808",2012,"Adult",6.21360424028269,566
"809",2012,"Adventure",7.37523886968896,4919
"810",2012,"Animation",7.32172478793591,6366
"811",2012,"Biography",7.41923076923077,1326
"812",2012,"Comedy",7.17412162162162,16280
"813",2012,"Crime",7.35005478851633,4563
"814",2012,"Documentary",7.41403785488959,7608
"815",2012,"Drama",7.22948065485315,16309
"816",2012,"Family",7.12892561983471,3267
"817",2012,"Fantasy",7.19058441558442,2156
"818",2012,"Game-Show",6.81034220532319,1315
"819",2012,"History",7.33244296048971,1797
"820",2012,"Horror",6.28028052805281,2424
"821",2012,"Music",7.13871527777778,1728
"822",2012,"Musical",7.13556338028169,284
"823",2012,"Mystery",7.23717703349282,2090
"824",2012,"News",7.17769145394007,901
"825",2012,"Romance",7.16850767085077,3585
"826",2012,"Sci-Fi",6.79702380952381,1344
"827",2012,"Short",7.0574649859944,7140
"828",2012,"Sport",7.19867841409692,908
"829",2012,"Talk-Show",7.09758378799688,1283
"830",2012,"Thriller",6.73513243378311,2001
"831",2012,"War",6.92777777777778,288
"832",2012,"Western",7.09393939393939,99
"833",2013,"Action",7.14479652065859,6438
"834",2013,"Adult",6.20480620155039,645
"835",2013,"Adventure",7.28737214059885,5377
"836",2013,"Animation",7.32323093382241,6543
"837",2013,"Biography",7.30433884297521,1452
"838",2013,"Comedy",7.11669437188316,16844
"839",2013,"Crime",7.33065507737969,4717
"840",2013,"Documentary",7.35499486389317,7788
"841",2013,"Drama",7.12301799838077,16057
"842",2013,"Family",7.27478210342824,3442
"843",2013,"Fantasy",7.12514677103718,2044
"844",2013,"Game-Show",6.87688614540466,1458
"845",2013,"History",7.35289817232376,1915
"846",2013,"Horror",6.20542168674699,2490
"847",2013,"Music",7.12484700122399,1634
"848",2013,"Musical",7.30505319148936,376
"849",2013,"Mystery",7.17065737919025,2297
"850",2013,"News",7.22004333694475,923
"851",2013,"Romance",7.03161222339305,3796
"852",2013,"Sci-Fi",6.885554866708,1613
"853",2013,"Short",6.96948283231229,7019
"854",2013,"Sport",7.32572145545797,797
"855",2013,"Talk-Show",7.06296296296296,1377
"856",2013,"Thriller",6.43405762871989,2117
"857",2013,"War",7.05893854748603,358
"858",2013,"Western",7.11401869158879,107
"859",2014,"Action",7.24194488992565,6859
"860",2014,"Adult",6.13157076205288,643
"861",2014,"Adventure",7.34681728527882,5577
"862",2014,"Animation",7.2854564132668,6814
"863",2014,"Biography",7.29029850746269,1608
"864",2014,"Comedy",7.15222017939718,17949
"865",2014,"Crime",7.36831924882629,5325
"866",2014,"Documentary",7.38915503129514,8308
"867",2014,"Drama",7.20394838556223,16817
"868",2014,"Family",7.14020085209982,3286
"869",2014,"Fantasy",7.16822388717497,2269
"870",2014,"Game-Show",7.12464871194379,1708
"871",2014,"History",7.52755102040816,2254
"872",2014,"Horror",6.17492354740061,2616
"873",2014,"Music",7.20129259694477,1702
"874",2014,"Musical",7.08025078369906,319
"875",2014,"Mystery",7.19429037520392,2452
"876",2014,"News",7.0780737704918,976
"877",2014,"Romance",7.11639458955224,4288
"878",2014,"Sci-Fi",6.95948372615039,1782
"879",2014,"Short",7.05667289182589,6961
"880",2014,"Sport",7.24090909090909,946
"881",2014,"Talk-Show",6.97519337016575,1810
"882",2014,"Thriller",6.45830748781568,2257
"883",2014,"War",7.6472049689441,644
"884",2014,"Western",7.47132352941177,136
"885",2015,"Action",7.13364589078875,7252
"886",2015,"Adult",6.31841620626151,543
"887",2015,"Adventure",7.24597775270031,6203
"888",2015,"Animation",7.34520665901263,6968
"889",2015,"Biography",7.25283687943262,1692
"890",2015,"Comedy",7.10937313432836,18425
"891",2015,"Crime",7.36181246726035,5727
"892",2015,"Documentary",7.27831069108092,8465
"893",2015,"Drama",7.18420184321311,17578
"894",2015,"Family",7.16811286407767,3296
"895",2015,"Fantasy",7.26320754716981,2544
"896",2015,"Game-Show",7.22938230383973,1797
"897",2015,"History",7.37447432762836,2045
"898",2015,"Horror",6.17671794871795,2925
"899",2015,"Music",7.10292807129217,1571
"900",2015,"Musical",7.01289398280802,349
"901",2015,"Mystery",7.15569230769231,2600
"902",2015,"News",6.67658291457286,995
"903",2015,"Romance",7.10870503597122,4170
"904",2015,"Sci-Fi",6.85981912144703,1548
"905",2015,"Short",7.03921810699589,7290
"906",2015,"Sport",7.29567567567568,925
"907",2015,"Talk-Show",6.87754090233019,2017
"908",2015,"Thriller",6.50216503267974,2448
"909",2015,"War",7.31216545012165,411
"910",2015,"Western",7.23055555555556,108
"911",2016,"Action",7.21536398981097,7459
"912",2016,"Adult",6.73098039215686,510
"913",2016,"Adventure",7.34394400486914,6572
"914",2016,"Animation",7.32618337440021,7711
"915",2016,"Biography",7.3350443599493,1578
"916",2016,"Comedy",7.14320900060815,19732
"917",2016,"Crime",7.3630594629156,6256
"918",2016,"Documentary",7.33872743284897,9084
"919",2016,"Drama",7.24628003575372,19019
"920",2016,"Family",7.19309242085066,3127
"921",2016,"Fantasy",7.26647123488457,2729
"922",2016,"Game-Show",7.18707149853085,2042
"923",2016,"History",7.49922161172161,2184
"924",2016,"Horror",6.12345337026777,3249
"925",2016,"Music",7.22904516866781,1749
"926",2016,"Musical",7.17602739726027,438
"927",2016,"Mystery",7.13700374531835,2670
"928",2016,"News",6.71006864988558,874
"929",2016,"Romance",7.18654359430605,4496
"930",2016,"Sci-Fi",6.8805023923445,1672
"931",2016,"Short",7.11547174358356,8299
"932",2016,"Sport",7.19232673267327,1212
"933",2016,"Talk-Show",6.81327294210319,2539
"934",2016,"Thriller",6.40405819295559,2612
"935",2016,"War",7.46635294117647,425
"936",2016,"Western",7.40814814814815,135
"937",2017,"Action",7.26092774308653,7847
"938",2017,"Adult",6.68017817371938,449
"939",2017,"Adventure",7.36508520790729,7335
"940",2017,"Animation",7.28778416187859,8006
"941",2017,"Biography",7.31246913580247,1620
"942",2017,"Comedy",7.16027128862095,19905
"943",2017,"Crime",7.34910999543587,6573
"944",2017,"Documentary",7.35362852334876,9508
"945",2017,"Drama",7.2250036441378,20581
"946",2017,"Family",7.24149391247121,3039
"947",2017,"Fantasy",7.3001733102253,2885
"948",2017,"Game-Show",7.1497299729973,2222
"949",2017,"History",7.48500222518914,2247
"950",2017,"Horror",6.21960057061341,3505
"951",2017,"Music",7.05203873598369,1962
"952",2017,"Musical",7.11986143187067,433
"953",2017,"Mystery",7.09572208737864,3296
"954",2017,"News",6.8173828125,1024
"955",2017,"Romance",7.2722816399287,4488
"956",2017,"Sci-Fi",6.83979649519503,1769
"957",2017,"Short",7.18417523985666,8651
"958",2017,"Sport",7.20286377708978,1292
"959",2017,"Talk-Show",6.80656272661349,2758
"960",2017,"Thriller",6.6302130406714,3098
"961",2017,"War",7.4390022675737,441
"962",2017,"Western",7.30707070707071,198
"963",2018,"Action",7.24188761858429,8222
"964",2018,"Adult",6.77564102564103,390
"965",2018,"Adventure",7.3542984643654,7619
"966",2018,"Animation",7.30232613339663,8426
"967",2018,"Biography",7.2989368355222,1599
"968",2018,"Comedy",7.11423322276091,19595
"969",2018,"Crime",7.32578562204047,6969
"970",2018,"Documentary",7.30656941550065,10077
"971",2018,"Drama",7.20907233152742,21042
"972",2018,"Family",7.27833163784334,2949
"973",2018,"Fantasy",7.17512671976828,2762
"974",2018,"Game-Show",7.19537671232877,2336
"975",2018,"History",7.47980060684872,2307
"976",2018,"Horror",6.20357142857143,3248
"977",2018,"Music",7.09941944847605,2067
"978",2018,"Musical",7.03352941176471,340
"979",2018,"Mystery",7.2099451081692,3097
"980",2018,"News",6.89579901153212,1214
"981",2018,"Romance",7.17045851528384,4580
"982",2018,"Sci-Fi",6.85906210392902,1578
"983",2018,"Short",7.1187926244001,7918
"984",2018,"Sport",7.23683218101823,1591
"985",2018,"Talk-Show",6.66613351877608,2876
"986",2018,"Thriller",6.598368,3125
"987",2018,"War",7.35548523206751,474
"988",2018,"Western",7.41375,160
"989",2019,"Action",7.2260032504063,7999
"990",2019,"Adult",6.60949152542373,295
"991",2019,"Adventure",7.35406884632003,6943
"992",2019,"Animation",7.31911397397134,7607
"993",2019,"Biography",7.36371971185331,1527
"994",2019,"Comedy",7.15347109230936,18438
"995",2019,"Crime",7.28527420914491,7239
"996",2019,"Documentary",7.31805319148936,9400
"997",2019,"Drama",7.16080559575494,20730
"998",2019,"Family",7.16577312847336,3059
"999",2019,"Fantasy",7.25424071082391,2476
"1000",2019,"Game-Show",7.36806214933103,2317
"1001",2019,"History",7.50365965233303,2186
"1002",2019,"Horror",6.28449729078868,3322
"1003",2019,"Music",7.32379099499722,1799
"1004",2019,"Musical",7.29617834394904,314
"1005",2019,"Mystery",7.15667475728155,3296
"1006",2019,"News",6.94047424366312,1223
"1007",2019,"Romance",7.16829815895824,4454
"1008",2019,"Sci-Fi",6.75982324949014,1471
"1009",2019,"Short",7.04733267298712,7067
"1010",2019,"Sport",7.16219162363741,1743
"1011",2019,"Talk-Show",6.89941640920014,2913
"1012",2019,"Thriller",6.59001842751843,3256
"1013",2019,"War",7.11277173913043,368
"1014",2019,"Western",7.20214285714286,140
"1015",2020,"Action",7.16224066390042,6266
"1016",2020,"Adult",6.84208333333333,240
"1017",2020,"Adventure",7.24648936170213,5640
"1018",2020,"Animation",7.27180254300673,6685
"1019",2020,"Biography",7.34754237288136,1180
"1020",2020,"Comedy",7.09050216986981,16130
"1021",2020,"Crime",7.10485113835376,5710
"1022",2020,"Documentary",7.31739571589628,8870
"1023",2020,"Drama",7.12792954086053,17315
"1024",2020,"Family",7.06178050652341,2606
"1025",2020,"Fantasy",7.41459381739756,2782
"1026",2020,"Game-Show",7.25345731998093,2097
"1027",2020,"History",7.49585547290117,1882
"1028",2020,"Horror",6.25414568647197,2979
"1029",2020,"Music",7.2573546856465,1686
"1030",2020,"Musical",6.95304054054054,296
"1031",2020,"Mystery",7.21827642276423,3075
"1032",2020,"News",6.79246901811249,1049
"1033",2020,"Romance",7.13841059602649,4379
"1034",2020,"Sci-Fi",6.71906584992343,1306
"1035",2020,"Short",7.06191694252182,6646
"1036",2020,"Sport",6.93338334583646,1333
"1037",2020,"Talk-Show",6.84580941446613,2613
"1038",2020,"Thriller",6.50298661174047,2913
"1039",2020,"War",7.14012738853503,314
"1040",2020,"Western",7.22790697674419,86
"1041",2021,"Action",7.15862574886905,8179
"1042",2021,"Adult",7.11818181818182,209
"1043",2021,"Adventure",7.27867553417292,7067
"1044",2021,"Animation",7.38255298176442,8116
"1045",2021,"Biography",7.32817314746882,1363
"1046",2021,"Comedy",7.06034776135276,18806
"1047",2021,"Crime",7.12344827586207,7685
"1048",2021,"Documentary",7.31751412429379,9735
"1049",2021,"Drama",7.20735551663748,21698
"1050",2021,"Family",7.12642543859649,2736
"1051",2021,"Fantasy",7.27753403933434,2644
"1052",2021,"Game-Show",7.13661431064572,2865
"1053",2021,"History",7.60882225119513,2301
"1054",2021,"Horror",6.38994692475804,3203
"1055",2021,"Music",7.23574610244989,1796
"1056",2021,"Musical",7.01329923273657,391
"1057",2021,"Mystery",7.08484268125855,3655
"1058",2021,"News",6.45228758169935,1071
"1059",2021,"Romance",7.2316534345875,5794
"1060",2021,"Sci-Fi",6.65489534098582,1481
"1061",2021,"Short",7.1965671641791,6030
"1062",2021,"Sport",6.97377690802348,1533
"1063",2021,"Talk-Show",6.40426829268293,2952
"1064",2021,"Thriller",6.63717233686559,3586
"1065",2021,"War",7.47337278106509,338
"1066",2021,"Western",7.00095238095238,105
"1067",2022,"Action",7.32797404470079,8322
"1068",2022,"Adult",7.07533333333333,150
"1069",2022,"Adventure",7.32330526616241,7007
"1070",2022,"Animation",7.46268168128846,7637
"1071",2022,"Biography",7.58574914592484,2049
"1072",2022,"Comedy",7.17586973378134,19345
"1073",2022,"Crime",7.17979423376002,8359
"1074",2022,"Documentary",7.33287791548746,10247
"1075",2022,"Drama",7.25438036809816,24450
"1076",2022,"Family",7.38360450563204,3196
"1077",2022,"Fantasy",7.41893004115226,2916
"1078",2022,"Game-Show",7.25475552578701,2986
"1079",2022,"History",7.23198324022346,2148
"1080",2022,"Horror",6.25747477835524,3271
"1081",2022,"Music",7.09270891755468,1783
"1082",2022,"Musical",7.14435028248588,354
"1083",2022,"Mystery",7.16769955379276,4034
"1084",2022,"News",6.66072874493927,988
"1085",2022,"Romance",7.32256855986813,6673
"1086",2022,"Sci-Fi",6.78303693570451,1462
"1087",2022,"Short",7.2527660324172,5676
"1088",2022,"Sport",7.16615129762562,1811
"1089",2022,"Talk-Show",6.48029119318182,2816
"1090",2022,"Thriller",6.73554231227652,4195
"1091",2022,"War",7.42421052631579,380
"1092",2022,"Western",8.13356643356643,286
"1093",2023,"Action",7.40650866643085,8481
"1094",2023,"Adult",7.3302752293578,109
"1095",2023,"Adventure",7.46324799272837,6601
"1096",2023,"Animation",7.5294064516129,7750
"1097",2023,"Biography",7.57480045610034,1754
"1098",2023,"Comedy",7.20264432899422,17131
"1099",2023,"Crime",7.19211520917503,7673
"1100",2023,"Documentary",7.29780659103187,9255
"1101",2023,"Drama",7.29765996496204,23974
"1102",2023,"Family",7.22957009345794,2675
"1103",2023,"Fantasy",7.61263219741481,3404
"1104",2023,"Game-Show",7.36226244343891,3315
"1105",2023,"History",7.57067804220925,2227
"1106",2023,"Horror",6.23474088291747,3126
"1107",2023,"Music",7.26124920331421,1569
"1108",2023,"Musical",7.32900552486188,362
"1109",2023,"Mystery",7.06624930439622,3594
"1110",2023,"News",6.73257211538461,832
"1111",2023,"Romance",7.44295017416326,6603
"1112",2023,"Sci-Fi",6.64977064220184,1308
"1113",2023,"Short",7.28185020393029,5394
"1114",2023,"Sport",7.3587786259542,1572
"1115",2023,"Talk-Show",6.64022198731501,1892
"1116",2023,"Thriller",6.70703426367143,4407
"1117",2023,"War",6.89027027027027,370
"1118",2023,"Western",6.75488721804511,133
"1119",2024,"Action",7.38166239373904,7411
"1120",2024,"Adult",7.8632183908046,87
"1121",2024,"Adventure",7.53580617495712,6996
"1122",2024,"Animation",7.51236409255645,7174
"1123",2024,"Biography",7.35033809166041,1331
"1124",2024,"Comedy",7.18026416052832,15748
"1125",2024,"Crime",7.14715508181955,6661
"1126",2024,"Documentary",7.33957801993972,8626
"1127",2024,"Drama",7.3003157989714,22166
"1128",2024,"Family",7.42477157360406,2955
"1129",2024,"Fantasy",7.47444727891156,2352
"1130",2024,"Game-Show",7.53109843081312,3505
"1131",2024,"History",7.47641414141414,1980
"1132",2024,"Horror",6.28235485975212,3066
"1133",2024,"Music",6.86664350243224,1439
"1134",2024,"Musical",6.9774358974359,195
"1135",2024,"Mystery",6.94308300395257,3036
"1136",2024,"News",7.24943310657596,882
"1137",2024,"Romance",7.49267178064306,6127
"1138",2024,"Sci-Fi",6.61915611814346,1185
"1139",2024,"Short",7.40338015803336,4556
"1140",2024,"Sport",7.35145872129112,1611
"1141",2024,"Talk-Show",6.56488673139159,1854
"1142",2024,"Thriller",6.65551592356688,3925
"1143",2024,"War",7.17964601769912,339
"1144",2024,"Western",6.90955882352941,136
"1145",2025,"Action",7.47361396303901,6818
"1146",2025,"Adult",7.81428571428571,28
"1147",2025,"Adventure",7.64490664919751,6106
"1148",2025,"Animation",7.7028210723192,6416
"1149",2025,"Biography",7.37761194029851,938
"1150",2025,"Comedy",7.26543832964602,14464
"1151",2025,"Crime",7.2202649424381,6341
"1152",2025,"Documentary",7.36222423692959,6618
"1153",2025,"Drama",7.36257174026467,21083
"1154",2025,"Family",7.35012,2500
"1155",2025,"Fantasy",7.45641025641026,2691
"1156",2025,"Game-Show",7.18863033873343,3395
"1157",2025,"History",7.49503464203233,1732
"1158",2025,"Horror",6.58919567827131,2499
"1159",2025,"Music",6.94296296296296,1215
"1160",2025,"Musical",7.63984375,256
"1161",2025,"Mystery",7.21556737588652,2820
"1162",2025,"News",7.20293333333333,750
"1163",2025,"Romance",7.3041261010663,6471
"1164",2025,"Sci-Fi",7.02672605790646,898
"1165",2025,"Short",7.69084858569052,3005
"1166",2025,"Sport",7.27838014369693,1531
"1167",2025,"Talk-Show",6.53164014687882,1634
"1168",2025,"Thriller",6.77797934691599,3583
"1169",2025,"War",7.30586319218241,307
"1170",2025,"Western",7.11349206349206,126
"1171",2026,"Action",7.69363636363636,1980
"1172",2026,"Adult",7.6,1
"1173",2026,"Adventure",7.86793168880455,1581
"1174",2026,"Animation",7.94342105263158,1900
"1175",2026,"Biography",7.60433070866142,254
"1176",2026,"Comedy",7.43860249205961,4093
"1177",2026,"Crime",7.29821679962459,2131
"1178",2026,"Documentary",7.40809178743961,1656
"1179",2026,"Drama",7.50227133210559,6516
"1180",2026,"Family",7.6504132231405,726
"1181",2026,"Fantasy",7.91341772151899,790
"1182",2026,"Game-Show",7.31354279523294,923
"1183",2026,"History",7.58203753351206,373
"1184",2026,"Horror",6.68884540117417,511
"1185",2026,"Music",6.44225352112676,355
"1186",2026,"Musical",7.42333333333333,30
"1187",2026,"Mystery",7.39278048780488,1025
"1188",2026,"News",6.80363636363636,220
"1189",2026,"Romance",7.46765339074273,1858
"1190",2026,"Sci-Fi",6.76108108108108,185
"1191",2026,"Short",8.01289592760181,442
"1192",2026,"Sport",7.42504780114723,523
"1193",2026,"Talk-Show",6.36451612903226,496
"1194",2026,"Thriller",7.02890829694323,1145
"1195",2026,"War",7.78409090909091,44
"1196",2026,"Western",8.42,30
