"X","crop","year","yield","net_change"
3,"maize",1983,38091.6184557769,-4258.444292387
4,"maize",1984,41980.8969392404,3889.2784834635
5,"maize",1985,43999.0925270468,2018.1955878064
6,"maize",1986,44704.7489446271,705.6564175803
7,"maize",1987,44683.0005381349,-21.7484064922028
8,"maize",1988,41759.3672673926,-2923.6332707423
9,"maize",1989,45598.7358732149,3839.3686058223
10,"maize",1990,47187.3077875674,1588.5719143525
11,"maize",1991,46293.208674442,-894.099113125398
12,"maize",1992,48599.8083900679,2306.5997156259
13,"maize",1993,47650.8043110818,-949.004078986094
14,"maize",1994,50674.2849899959,3023.48067891409
15,"maize",1995,49839.1237373799,-835.161252615995
16,"maize",1996,53304.2207511105,3465.0970137306
17,"maize",1997,52232.1386010293,-1072.0821500812
18,"maize",1998,55293.9422312435,3061.8036302142
19,"maize",1999,54626.9051905852,-667.037040658295
20,"maize",2000,55170.4942532592,543.589062674
21,"maize",2001,57180.6932151951,2010.19896193589
22,"maize",2002,57043.2551650479,-137.438050147197
23,"maize",2003,58667.2973300107,1624.0421649628
24,"maize",2004,62241.134543065,3573.83721305431
25,"maize",2005,62053.129308356,-188.005234709002
26,"maize",2006,62506.373108808,453.243800452001
27,"maize",2007,62801.5667627566,295.193653948598
28,"maize",2008,65311.3708993867,2509.8041366301
29,"maize",2009,65616.4145489,305.043649513296
30,"maize",2010,67706.5382855609,2090.12373666091
31,"maize",2011,59940.6458727382,-7765.89241282271
32,"maize",2012,57373.2577921078,-2567.3880806304
33,"maize",2013,62649.7633894309,5276.5055973231
34,"maize",2014,65432.539790526,2782.77640109511
35,"maize",2015,61505.4034909904,-3927.1362995356
36,"maize",2016,65079.8314543292,3574.4279633388
111,"rice",1983,31480.5814794451,-305.126668065801
112,"rice",1984,33314.8282940742,1834.2468146291
113,"rice",1985,33267.3515544403,-47.4767396339012
114,"rice",1986,33600.0779096913,332.726355251005
115,"rice",1987,33879.508681003,279.430771311694
116,"rice",1988,33912.5389214922,33.0302404892063
117,"rice",1989,36852.6228187885,2940.0838972963
118,"rice",1990,35393.3527275957,-1459.2700911928
119,"rice",1991,37013.4167390245,1620.0640114288
120,"rice",1992,36601.830461286,-411.586277738497
121,"rice",1993,38023.7538960464,1421.9234347604
122,"rice",1994,37636.8758772742,-386.8780187722
123,"rice",1995,37939.9112285636,303.0353512894
124,"rice",1996,40497.7455267087,2557.8342981451
125,"rice",1997,39249.2050391138,-1248.5404875949
126,"rice",1998,39191.8614912387,-57.343547875098
127,"rice",1999,41714.1485297959,2522.2870385572
128,"rice",2000,41059.2700857483,-654.878444047601
129,"rice",2001,42472.5459886007,1413.2759028524
130,"rice",2002,42622.1557807736,149.609792172902
131,"rice",2003,41965.4593005851,-656.696480188504
132,"rice",2004,42128.3421260249,162.882825439803
133,"rice",2005,43123.80651253,995.464386505097
134,"rice",2006,44555.1311251661,1431.3246126361
135,"rice",2007,44425.3262299467,-129.8048952194
136,"rice",2008,46289.6470596865,1864.32082973979
137,"rice",2009,46519.3340498973,229.686990210801
138,"rice",2010,47799.7446855977,1280.41063570041
139,"rice",2011,42217.5623705834,-5582.1823150143
140,"rice",2012,42800.549671486,582.987300902598
141,"rice",2013,41604.0157444105,-1196.5339270755
142,"rice",2014,44602.8601799458,2998.8444355353
143,"rice",2015,39819.4069062546,-4783.4532736912
144,"rice",2016,44158.2454109415,4338.8385046869
219,"soybean",1983,10133.0851886831,84.8562457934004
220,"soybean",1984,10505.5664499514,372.4812612683
221,"soybean",1985,11292.4937200993,786.9272701479
222,"soybean",1986,11096.5536761172,-195.9400439821
223,"soybean",1987,11117.4958871584,20.9422110411997
224,"soybean",1988,10911.9418196194,-205.554067539
225,"soybean",1989,11229.9185020104,317.976682391
226,"soybean",1990,12114.5890044793,884.6705024689
227,"soybean",1991,11445.6131421141,-668.9758623652
228,"soybean",1992,11671.0109799616,225.3978378475
229,"soybean",1993,12315.6476997994,644.636719837799
230,"soybean",1994,12713.3842952214,397.736595422
231,"soybean",1995,12476.4182324558,-236.966062765599
232,"soybean",1996,13166.2116973363,689.7934648805
233,"soybean",1997,13259.7435816228,93.5318842864999
234,"soybean",1998,13899.2073080689,639.4637264461
235,"soybean",1999,13397.2454988137,-501.961809255201
236,"soybean",2000,13042.8651908115,-354.380308002199
237,"soybean",2001,14126.4489955977,1083.5838047862
238,"soybean",2002,14116.6841827482,-9.76481284950023
239,"soybean",2003,13718.3034319878,-398.3807507604
240,"soybean",2004,13756.3528965265,38.0494645386989
241,"soybean",2005,14005.5849089995,249.232012473001
242,"soybean",2006,14078.9787764698,73.3938674702986
243,"soybean",2007,13793.6625356004,-285.316240869399
244,"soybean",2008,14000.5914149806,206.928879380199
245,"soybean",2009,13915.4553956538,-85.1360193267992
246,"soybean",2010,14863.6330278441,948.1776321903
247,"soybean",2011,13764.9487845674,-1098.6842432767
248,"soybean",2012,13232.7063030154,-532.242481551999
249,"soybean",2013,13579.9636223689,347.257319353499
250,"soybean",2014,13804.0111358166,224.0475134477
251,"soybean",2015,12352.7454916537,-1451.2656441629
252,"soybean",2016,14502.6601845399,2149.9146928862
255,"wheat",1983,40781.1206793208,2284.1532645719
256,"wheat",1984,42175.9428135492,1394.8221342284
257,"wheat",1985,41621.3212461565,-554.6215673927
258,"wheat",1986,41156.2085226364,-465.112723520098
259,"wheat",1987,41685.4139061812,529.205383544802
260,"wheat",1988,40975.5531055788,-709.8608006024
261,"wheat",1989,41157.674199719,182.121094140195
262,"wheat",1990,41985.616021865,827.941822146
263,"wheat",1991,39926.507303251,-2059.108718614
264,"wheat",1992,43091.6090365117,3165.1017332607
265,"wheat",1993,40889.0502973674,-2202.5587391443
266,"wheat",1994,43578.7720489036,2689.7217515362
267,"wheat",1995,39798.1799147762,-3780.5921341274
268,"wheat",1996,43894.4016005751,4096.2216857989
269,"wheat",1997,43299.928356831,-594.473243744098
270,"wheat",1998,44115.4337790217,815.505422190705
271,"wheat",1999,45514.293301357,1398.8595223353
272,"wheat",2000,43244.789381546,-2269.503919811
273,"wheat",2001,44991.1858838107,1746.3965022647
274,"wheat",2002,42828.6511985753,-2162.5346852354
275,"wheat",2003,44934.4352866942,2105.7840881189
276,"wheat",2004,47613.5182056054,2679.0829189112
277,"wheat",2005,46288.4983805181,-1325.01982508731
278,"wheat",2006,47527.9248125972,1239.4264320791
279,"wheat",2007,45310.6126031354,-2217.3122094618
280,"wheat",2008,48499.8893545177,3189.2767513823
281,"wheat",2009,48037.748052083,-462.141302434698
282,"wheat",2010,49474.019039602,1436.270987519
283,"wheat",2011,43545.7552360147,-5928.2638035873
284,"wheat",2012,42951.565989133,-594.189246881702
285,"wheat",2013,44410.9377947859,1459.3718056529
286,"wheat",2014,44001.2499622665,-409.687832519405
287,"wheat",2015,37523.993591994,-6477.2563702725
288,"wheat",2016,45504.3499013148,7980.3563093208
