"year","genres","mean_ratings","count"
1983,"Action",6.72319391634981,1315
1983,"Adult",5.69228295819936,311
1983,"Adventure",6.84428672817601,1409
1983,"Animation",6.9119512195122,1230
1983,"Biography",7.19507042253521,142
1983,"Comedy",6.8160472972973,2368
1983,"Crime",6.99142185663925,851
1983,"Documentary",7.24748490945674,497
1983,"Drama",6.83731836195509,3028
1983,"Family",6.99075025693731,973
1983,"Fantasy",6.62304832713755,269
1983,"History",7.32268041237113,194
1983,"Horror",5.675,208
1983,"Music",6.97774294670846,319
1983,"Musical",6.44655172413793,116
1983,"Mystery",6.84221453287197,289
1983,"Other",6.83473684210527,95
1983,"Romance",6.75363489499192,619
1983,"Sci-Fi",6.13406593406593,182
1983,"Short",6.41658291457286,398
1983,"Sport",6.51884057971014,69
1983,"Talk-Show",7.43614457831325,83
1983,"Thriller",6.0073732718894,217
1983,"War",6.95534591194969,159
1984,"Action",6.625,1240
1984,"Adult",5.73542168674699,415
1984,"Adventure",6.71043239533288,1457
1984,"Animation",6.68136117556071,1293
1984,"Biography",7.0965811965812,117
1984,"Comedy",6.78380097268986,2673
1984,"Crime",7.0567940552017,942
1984,"Documentary",7.17251732101617,433
1984,"Drama",6.84439083232811,3316
1984,"Family",7.06043388429752,968
1984,"Fantasy",6.73309090909091,275
1984,"History",7.40174672489083,229
1984,"Horror",5.73938053097345,226
1984,"Music",7.0469696969697,330
1984,"Musical",6.58225806451613,124
1984,"Mystery",6.96132404181185,287
1984,"Other",7.086,100
1984,"Romance",6.7110119047619,672
1984,"Sci-Fi",6.20175438596491,228
1984,"Short",6.56414141414141,396
1984,"Sport",6.46181818181818,110
1984,"Talk-Show",7.53382352941177,68
1984,"Thriller",5.98177966101695,236
1984,"War",6.84803149606299,127
1985,"Action",6.7241550695825,2012
1985,"Adult",6.00251798561151,556
1985,"Adventure",6.8415626695605,1843
1985,"Animation",6.95957224830464,1917
1985,"Biography",6.88173076923077,104
1985,"Comedy",6.82630780894617,2638
1985,"Crime",6.92310821806347,1229
1985,"Documentary",7.22767676767677,495
1985,"Drama",6.89484536082474,3589
1985,"Family",7.24643527204503,1066
1985,"Fantasy",6.78821917808219,365
1985,"History",7.40054347826087,184
1985,"Horror",5.4780701754386,228
1985,"Music",7.28409090909091,352
1985,"Musical",6.38849557522124,113
1985,"Mystery",7.07004950495049,404
1985,"Other",7.07261904761905,84
1985,"Romance",6.74799025578563,821
1985,"Sci-Fi",6.42783882783883,273
1985,"Short",6.38545454545455,440
1985,"Sport",6.15925925925926,108
1985,"Talk-Show",7.21428571428571,84
1985,"Thriller",6.03032786885246,244
1985,"War",6.71301369863014,146
1986,"Action",6.86908442330559,1682
1986,"Adult",5.97558139534884,516
1986,"Adventure",6.95258413461538,1664
1986,"Animation",7.05661467359908,1731
1986,"Biography",7.04265734265734,143
1986,"Comedy",6.86066291432145,3198
1986,"Crime",6.88852188274154,1211
1986,"Documentary",7.21708428246014,439
1986,"Drama",6.86050972869279,3649
1986,"Family",7.09429477020602,1262
1986,"Fantasy",6.74244791666667,384
1986,"History",7.22477064220184,109
1986,"Horror",5.60431654676259,278
1986,"Music",6.88646864686469,303
1986,"Musical",6.78561151079137,139
1986,"Mystery",7.1,329
1986,"Other",6.38133333333333,75
1986,"Romance",6.6387969924812,665
1986,"Sci-Fi",6.46024096385542,249
1986,"Short",6.54436781609195,435
1986,"Sport",6.15967741935484,124
1986,"Talk-Show",7.56818181818182,66
1986,"Thriller",5.87671755725191,262
1986,"War",6.4368932038835,103
1987,"Action",6.61731946144431,1634
1987,"Adult",5.9877358490566,424
1987,"Adventure",6.93403068340307,1434
1987,"Animation",7.10102105934907,1567
1987,"Biography",7.15826771653543,127
1987,"Comedy",6.87992125984252,3302
1987,"Crime",6.9263109475621,1087
1987,"Documentary",7.40018450184502,542
1987,"Drama",6.90586473671076,4007
1987,"Family",7.2551328068916,1393
1987,"Fantasy",6.5676844783715,393
1987,"History",7.2379679144385,187
1987,"Horror",5.61568123393316,389
1987,"Music",7.25296167247387,287
1987,"Musical",6.61875,112
1987,"Mystery",7.12184684684685,444
1987,"Other",6.56206896551724,87
1987,"Romance",6.96394176931691,893
1987,"Sci-Fi",6.31274509803922,306
1987,"Short",6.54635627530364,494
1987,"Sport",6.15645161290323,124
1987,"Talk-Show",7.27741935483871,93
1987,"Thriller",5.91350482315113,311
1987,"War",6.9525,160
1988,"Action",6.45193798449612,1419
1988,"Adult",6.05983827493261,371
1988,"Adventure",6.89118165784832,1134
1988,"Animation",6.96361538461538,1300
1988,"Biography",7.12112676056338,142
1988,"Comedy",6.82293781725888,3152
1988,"Crime",6.83842105263158,1140
1988,"Documentary",7.04599659284497,587
1988,"Drama",6.908,3775
1988,"Family",7.26961038961039,1155
1988,"Fantasy",6.65574837310195,461
1988,"History",7.57107438016529,242
1988,"Horror",5.63943965517241,464
1988,"Music",7.1522491349481,289
1988,"Musical",6.38709677419355,93
1988,"Mystery",6.95885947046843,491
1988,"Other",6.60344827586207,116
1988,"Romance",6.88479467258602,901
1988,"Sci-Fi",6.28429487179487,312
1988,"Short",6.60202839756592,493
1988,"Sport",6.43790322580645,124
1988,"Talk-Show",7.5,70
1988,"Thriller",6.07379679144385,374
1988,"War",6.8719806763285,207
1989,"Action",6.55250596658711,1676
1989,"Adult",6.20606796116505,412
1989,"Adventure",6.82483847810481,1393
1989,"Animation",6.91186943620178,1348
1989,"Biography",6.89714285714286,140
1989,"Comedy",6.89529078014184,3525
1989,"Crime",6.81637658227848,1264
1989,"Documentary",7.08524332810047,637
1989,"Drama",6.90429813664596,4025
1989,"Family",7.23338607594937,1264
1989,"Fantasy",6.59295499021526,511
1989,"History",7.19222614840989,283
1989,"Horror",5.60994263862333,523
1989,"Music",7.23170731707317,287
1989,"Musical",6.57037037037037,81
1989,"Mystery",7.02310286677909,593
1989,"Other",6.84444444444445,180
1989,"Romance",6.73271832718327,813
1989,"Sci-Fi",6.17577639751553,322
1989,"Short",6.54214559386973,522
1989,"Sport",6.71888888888889,180
1989,"Talk-Show",7.26829268292683,82
1989,"Thriller",5.83809523809524,399
1989,"War",7.09409090909091,220
1990,"Action",6.38689288090486,1503
1990,"Adult",6.19133663366337,404
1990,"Adventure",7.05024734982332,1415
1990,"Animation",6.99199706314244,1362
1990,"Biography",6.839375,160
1990,"Comedy",6.97618410489698,3737
1990,"Crime",6.70660237388724,1348
1990,"Documentary",7.02060857538036,723
1990,"Drama",6.8402478314746,4035
1990,"Family",7.09252640129976,1231
1990,"Fantasy",6.43852813852814,462
1990,"History",7.21747967479675,246
1990,"Horror",5.55341176470588,425
1990,"Music",7.24985835694051,353
1990,"Musical",7.09649122807018,114
1990,"Mystery",7.0950184501845,542
1990,"Other",6.67209302325581,172
1990,"Romance",6.52310513447433,818
1990,"Sci-Fi",6.0978102189781,274
1990,"Short",6.3631970260223,538
1990,"Sport",6.83640552995392,217
1990,"Talk-Show",6.99878048780488,82
1990,"Thriller",5.74959128065395,367
1990,"War",7.23028571428571,175
1991,"Action",6.53292533659731,1634
1991,"Adult",6.18719806763285,414
1991,"Adventure",7.08911651728553,1562
1991,"Animation",7.1132848645076,1513
1991,"Biography",6.91818181818182,143
1991,"Comedy",7.00351145038168,3930
1991,"Crime",6.81718131433096,1263
1991,"Documentary",7.17095541401274,785
1991,"Drama",6.90377262299261,3923
1991,"Family",7.19041353383459,1064
1991,"Fantasy",6.58095238095238,483
1991,"History",7.48286713286713,286
1991,"Horror",5.6,354
1991,"Music",7.27204819277108,415
1991,"Musical",6.82680412371134,97
1991,"Mystery",7.02337917485265,509
1991,"Other",7.04615384615385,169
1991,"Romance",6.62362971985384,821
1991,"Sci-Fi",6.24147286821705,258
1991,"Short",6.74388984509466,581
1991,"Sport",6.7565,200
1991,"Talk-Show",6.8394495412844,109
1991,"Thriller",5.74,350
1991,"War",6.89333333333333,120
1992,"Action",6.53590425531915,1504
1992,"Adult",6.29188118811881,505
1992,"Adventure",7.08560606060606,1584
1992,"Animation",7.11291696238467,1409
1992,"Biography",6.97153284671533,137
1992,"Comedy",7.02885043263288,4045
1992,"Crime",6.83067577828398,1317
1992,"Documentary",7.12360616844603,843
1992,"Drama",6.85292450399382,3881
1992,"Family",7.06808873720137,1172
1992,"Fantasy",6.7445871559633,545
1992,"History",7.25016611295681,301
1992,"Horror",5.64587912087912,364
1992,"Music",7.24915254237288,413
1992,"Musical",6.75540540540541,74
1992,"Mystery",7.06137931034483,435
1992,"Other",6.73473053892215,167
1992,"Romance",6.53239740820734,926
1992,"Sci-Fi",6.36489361702128,282
1992,"Short",6.59237012987013,616
1992,"Sport",6.76623376623377,231
1992,"Talk-Show",6.24444444444444,99
1992,"Thriller",5.6976253298153,379
1992,"War",7.02991452991453,117
1993,"Action",6.76009538950715,1887
1993,"Adult",6.30644599303136,574
1993,"Adventure",7.18787706317587,1757
1993,"Animation",7.29629147690306,1537
1993,"Biography",7.10245098039216,204
1993,"Comedy",7.06883243771373,4094
1993,"Crime",6.95122273628553,1513
1993,"Documentary",7.16536748329621,898
1993,"Drama",6.93531376759723,4191
1993,"Family",7.15480620155039,1290
1993,"Fantasy",6.81482213438735,506
1993,"History",7.19651162790698,172
1993,"Horror",5.72547770700637,314
1993,"Music",7.29744680851064,470
1993,"Musical",6.5641975308642,81
1993,"Mystery",7.27781456953642,604
1993,"Other",6.65635593220339,236
1993,"Romance",6.62842696629213,890
1993,"Sci-Fi",6.3420245398773,326
1993,"Short",6.56772793053546,691
1993,"Sport",6.4487012987013,308
1993,"Talk-Show",6.20246913580247,81
1993,"Thriller",5.65288220551378,399
1993,"War",6.50574712643678,87
1994,"Action",6.75739206279983,2293
1994,"Adult",6.3875,616
1994,"Adventure",7.15920930232558,2150
1994,"Animation",7.31953955135773,1694
1994,"Biography",6.86268656716418,201
1994,"Comedy",7.06714453584019,4255
1994,"Crime",6.9934396076027,1631
1994,"Documentary",7.18310749774164,1107
1994,"Drama",6.90936872629935,4483
1994,"Family",7.15595588235294,1360
1994,"Fantasy",6.80910683012259,571
1994,"History",7.36028037383178,214
1994,"Horror",5.73046357615894,302
1994,"Music",7.34447058823529,425
1994,"Musical",7.20967741935484,93
1994,"Mystery",7.09176829268293,656
1994,"Other",6.91892744479495,317
1994,"Romance",6.73022312373225,986
1994,"Sci-Fi",6.31967213114754,366
1994,"Short",6.60054794520548,730
1994,"Sport",6.71163522012579,318
1994,"Talk-Show",6.38,115
1994,"Thriller",5.76780821917808,438
1994,"War",7.11775700934579,107
1995,"Action",6.90427176566314,2458
1995,"Adult",6.39351988217968,679
1995,"Adventure",7.32454702329594,2318
1995,"Animation",7.43774062816616,1974
1995,"Biography",6.89806451612903,310
1995,"Comedy",7.10939471839215,4279
1995,"Crime",7.03913305237809,1661
1995,"Documentary",7.14599504541701,1211
1995,"Drama",6.96751907609816,4849
1995,"Family",7.11898016997167,1412
1995,"Fantasy",7.00179856115108,556
1995,"History",7.42961956521739,368
1995,"Horror",5.6267029972752,367
1995,"Music",7.43630705394191,482
1995,"Musical",6.75365853658537,82
1995,"Mystery",7.11926229508197,732
1995,"Other",7.15225806451613,310
1995,"Romance",6.80464216634429,1034
1995,"Sci-Fi",6.29800884955752,452
1995,"Short",6.6487684729064,812
1995,"Sport",6.62269736842105,304
1995,"Talk-Show",6.84150943396226,159
1995,"Thriller",5.82674199623352,531
1995,"War",7.43155339805825,206
1996,"Action",6.92350443844076,2591
1996,"Adult",6.48270676691729,532
1996,"Adventure",7.19391143911439,2168
1996,"Animation",7.33894255210981,1967
1996,"Biography",6.72935153583618,293
1996,"Comedy",7.06263374485597,4860
1996,"Crime",7.05163288288288,1776
1996,"Documentary",7.20030326004549,1319
1996,"Drama",6.97454508280515,4891
1996,"Family",7.22015838732901,1389
1996,"Fantasy",6.829793977813,631
1996,"History",7.22016129032258,248
1996,"Horror",5.93832923832924,407
1996,"Music",7.35653153153153,444
1996,"Musical",6.61739130434783,92
1996,"Mystery",7.24782608695652,736
1996,"Other",6.63728323699422,346
1996,"Romance",6.85032021957914,1093
1996,"Sci-Fi",6.34665127020785,433
1996,"Short",6.66135371179039,916
1996,"Sport",6.6463768115942,345
1996,"Talk-Show",6.59444444444444,306
1996,"Thriller",5.92202166064982,554
1996,"War",7.19345794392523,107
1997,"Action",7.00343362831858,2825
1997,"Adult",6.51852551984877,529
1997,"Adventure",7.16485647788984,2578
1997,"Animation",7.37197278911565,2205
1997,"Biography",7.10925925925926,324
1997,"Comedy",6.9587835354649,5442
1997,"Crime",7.04979057591623,1910
1997,"Documentary",7.22206381534284,1473
1997,"Drama",6.94723082881487,5164
1997,"Family",6.90176553672316,1416
1997,"Fantasy",6.52556480380499,841
1997,"History",7.33479318734793,411
1997,"Horror",5.85926892950392,383
1997,"Music",7.03300395256917,506
1997,"Musical",5.81120331950207,241
1997,"Mystery",7.31002506265664,798
1997,"Other",6.01017964071856,334
1997,"Romance",6.80284360189573,1266
1997,"Sci-Fi",6.43301204819277,415
1997,"Short",6.67192118226601,1015
1997,"Sport",6.72521994134897,341
1997,"Talk-Show",5.63021390374332,374
1997,"Thriller",5.95080500894454,559
1997,"War",7.01848739495798,119
1998,"Action",6.96415532691669,3013
1998,"Adult",6.52848837209302,516
1998,"Adventure",7.16375650780937,2497
1998,"Animation",7.28402178847027,2203
1998,"Biography",6.97472527472527,364
1998,"Comedy",6.96455445544554,5555
1998,"Crime",7.06328754144955,2111
1998,"Documentary",7.1782412626832,1774
1998,"Drama",6.97336936265375,5366
1998,"Family",6.71688311688312,1309
1998,"Fantasy",6.29369797859691,841
1998,"History",7.41180555555556,288
1998,"Horror",5.81457489878543,494
1998,"Music",7.05496828752643,473
1998,"Musical",5.04226804123711,194
1998,"Mystery",7.31616541353383,798
1998,"Other",6.128,425
1998,"Romance",6.83554175293306,1449
1998,"Sci-Fi",6.5178970917226,447
1998,"Short",6.72970069071374,1303
1998,"Sport",6.70887949260042,473
1998,"Talk-Show",5.51261261261261,333
1998,"Thriller",6.08590831918506,589
1998,"War",7.14166666666667,144
1999,"Action",6.98412204234122,3212
1999,"Adult",6.63460869565217,575
1999,"Adventure",7.17402805611222,2495
1999,"Animation",7.27121451104101,2536
1999,"Biography",6.97815533980583,412
1999,"Comedy",6.95653953183827,6109
1999,"Crime",7.02723995880535,1942
1999,"Documentary",7.15432645034415,2034
1999,"Drama",6.92693856998993,5958
1999,"Family",7.05830235439901,1614
1999,"Fantasy",6.50764075067024,746
1999,"History",7.40326086956522,460
1999,"Horror",5.96684397163121,564
1999,"Music",6.96265486725664,565
1999,"Musical",5.26,115
1999,"Mystery",7.35493133583021,801
1999,"Other",6.50171821305842,291
1999,"Romance",6.80304449648712,1708
1999,"Sci-Fi",6.50286343612335,454
1999,"Short",6.60245591939547,1588
1999,"Sport",6.65133470225873,487
1999,"Talk-Show",6.25970695970696,273
1999,"Thriller",5.89983896940419,621
1999,"War",7.32088607594937,158
2000,"Action",6.93390216154721,3516
2000,"Adult",6.65238095238095,588
2000,"Adventure",7.02269158878505,2675
2000,"Animation",7.18362863217576,2822
2000,"Biography",7.01370143149284,489
2000,"Comedy",6.99127416955875,6051
2000,"Crime",7.03936120244246,2129
2000,"Documentary",7.0653895824365,2323
2000,"Drama",7.10999521759924,6273
2000,"Family",7.05932721712538,1635
2000,"Fantasy",6.54622871046229,822
2000,"History",7.4662037037037,432
2000,"Horror",5.9034965034965,715
2000,"Music",6.96813186813187,546
2000,"Musical",6.02272727272727,132
2000,"Mystery",7.21426966292135,890
2000,"Other",6.18958333333333,432
2000,"Romance",6.93972081218274,1576
2000,"Sci-Fi",6.64704684317719,491
2000,"Short",6.67538779731127,1934
2000,"Sport",6.38038461538462,520
2000,"Talk-Show",6.24811715481172,239
2000,"Thriller",5.78828125,640
2000,"War",7.18639053254438,169
2001,"Action",6.98802021403092,3364
2001,"Adult",6.56009316770186,644
2001,"Adventure",7.13062352012628,2534
2001,"Animation",7.20610526315789,2850
2001,"Biography",6.96637554585153,458
2001,"Comedy",7.03318604296815,6563
2001,"Crime",6.89991063449509,2238
2001,"Documentary",7.21319926873857,2735
2001,"Drama",7.13027758007117,7025
2001,"Family",7.21192758253461,1878
2001,"Fantasy",6.82438524590164,976
2001,"History",7.49837962962963,432
2001,"Horror",5.89121212121212,660
2001,"Music",7.11565096952909,722
2001,"Musical",6.1521472392638,163
2001,"Mystery",7.23746065057713,953
2001,"Other",6.7539393939394,495
2001,"Romance",6.96110244409776,1923
2001,"Sci-Fi",6.7723259762309,589
2001,"Short",6.69995433789954,2190
2001,"Sport",6.86745182012848,467
2001,"Talk-Show",6.37166666666667,300
2001,"Thriller",5.76003236245955,618
2001,"War",7.19943181818182,176
2002,"Action",6.9790811904074,3461
2002,"Adult",6.65557299843014,637
2002,"Adventure",7.19633982538616,2978
2002,"Animation",7.20312215822977,3299
2002,"Biography",6.92048780487805,410
2002,"Comedy",6.97758369723435,6870
2002,"Crime",7.07546125461255,2168
2002,"Documentary",7.14270592127026,3023
2002,"Drama",7.09963734049698,7445
2002,"Family",7.02642369020501,1756
2002,"Fantasy",6.7214709371293,843
2002,"History",7.29926650366748,409
2002,"Horror",5.71154401154401,693
2002,"Music",6.94195624195624,777
2002,"Musical",6.832,150
2002,"Mystery",7.20052465897167,953
2002,"Other",6.28085808580858,606
2002,"Romance",6.80668069437138,1901
2002,"Sci-Fi",6.7819734345351,527
2002,"Short",6.72030692362598,2802
2002,"Sport",6.72833333333333,540
2002,"Talk-Show",6.08660130718954,306
2002,"Thriller",6.13081481481481,675
2002,"War",6.98857142857143,175
2003,"Action",7.09384696292401,3803
2003,"Adult",6.55618631732169,687
2003,"Adventure",7.27391304347826,3220
2003,"Animation",7.24193905817175,3610
2003,"Biography",7.00566502463054,406
2003,"Comedy",6.92692678891493,7253
2003,"Crime",7.11276505513147,2358
2003,"Documentary",7.08775510204082,3626
2003,"Drama",7.12569803516029,7736
2003,"Family",7.0452296819788,1698
2003,"Fantasy",6.85158371040724,884
2003,"History",7.48904847396768,557
2003,"Horror",5.7609819121447,774
2003,"Music",6.67396386822529,941
2003,"Musical",6.38674698795181,166
2003,"Mystery",7.24451038575668,1011
2003,"Other",6.05847568988174,761
2003,"Romance",6.83411826268969,1911
2003,"Sci-Fi",6.51274509803922,510
2003,"Short",6.75318694724001,3279
2003,"Sport",6.99736842105263,456
2003,"Talk-Show",6.11777251184834,422
2003,"Thriller",6.0474043715847,732
2003,"War",7.04522292993631,157
2004,"Action",7.12860163891092,3783
2004,"Adult",6.66710875331565,754
2004,"Adventure",7.27427854454203,3188
2004,"Animation",7.2377239199157,3796
2004,"Biography",7.13758099352052,463
2004,"Comedy",6.92940685045948,8379
2004,"Crime",7.30657948508378,2447
2004,"Documentary",7.14302562939442,4409
2004,"Drama",7.10425055928412,8046
2004,"Family",7.14618696186962,1626
2004,"Fantasy",7.02067156348374,953
2004,"History",7.66351931330472,699
2004,"Horror",5.84227129337539,951
2004,"Music",6.7269621421976,1083
2004,"Musical",6.73818181818182,165
2004,"Mystery",7.2269477543538,1091
2004,"Other",5.95509783728115,971
2004,"Romance",6.80166585007349,2041
2004,"Sci-Fi",6.553911205074,473
2004,"Short",6.88909512761021,4310
2004,"Sport",6.98292253521127,568
2004,"Talk-Show",6.33369713506139,733
2004,"Thriller",6.21326530612245,784
2004,"War",7.26171875,256
2005,"Action",7.11574884199691,3886
2005,"Adult",6.82782051282051,780
2005,"Adventure",7.39850662158354,3549
2005,"Animation",7.37412155745489,4212
2005,"Biography",7.05631691648822,467
2005,"Comedy",7.00267884635123,9743
2005,"Crime",7.31173657100809,2718
2005,"Documentary",7.21298921091601,4727
2005,"Drama",7.12572955199342,9732
2005,"Family",7.22235477178423,1928
2005,"Fantasy",7.08908145580589,1154
2005,"History",7.32447844228095,719
2005,"Horror",5.76285979572888,1077
2005,"Music",6.74270664505673,1234
2005,"Musical",6.90432432432432,185
2005,"Mystery",7.29337431693989,1464
2005,"Other",6.17995028997515,1207
2005,"Romance",6.81268251981644,2397
2005,"Sci-Fi",6.66435452793834,519
2005,"Short",6.91885125184094,4753
2005,"Sport",7.00310650887574,676
2005,"Talk-Show",6.08798235942668,907
2005,"Thriller",6.37704918032787,915
2005,"War",7.09683257918552,221
2006,"Action",7.05544106559437,3979
2006,"Adult",6.78277777777778,720
2006,"Adventure",7.23182849936948,3965
2006,"Animation",7.28730745532964,4869
2006,"Biography",7.17781954887218,532
2006,"Comedy",6.98604651162791,10621
2006,"Crime",7.1513475177305,2820
2006,"Documentary",7.22308151093439,5030
2006,"Drama",7.06434034416826,10460
2006,"Family",6.94385964912281,2223
2006,"Fantasy",7.03365455893254,1349
2006,"History",7.28696808510638,752
2006,"Horror",5.70702028081123,1282
2006,"Music",6.79144385026738,1309
2006,"Musical",6.6565445026178,191
2006,"Mystery",7.24753127057275,1519
2006,"Other",6.36289818863211,1601
2006,"Romance",6.82303664921466,2483
2006,"Sci-Fi",6.70448833034111,557
2006,"Short",6.95232722143865,4963
2006,"Sport",7.01750841750842,891
2006,"Talk-Show",6.40616113744076,1055
2006,"Thriller",6.15630797773655,1078
2006,"War",7.14809160305343,262
2007,"Action",7.10266415500538,3716
2007,"Adult",6.81313320825516,533
2007,"Adventure",7.26424932574168,3337
2007,"Animation",7.31449676823638,4332
2007,"Biography",7.15825688073395,436
2007,"Comedy",7.00110366168128,9695
2007,"Crime",7.13834738617201,2965
2007,"Documentary",7.26605005440696,4595
2007,"Drama",7.00258317418836,9949
2007,"Family",7.06946406314915,2407
2007,"Fantasy",7.00220848056537,1132
2007,"History",7.39336016096579,994
2007,"Horror",5.73173605655931,1273
2007,"Music",6.887265917603,1068
2007,"Musical",6.83204419889503,181
2007,"Mystery",7.20828571428571,1400
2007,"Other",6.3496577946768,1315
2007,"Romance",6.80506726457399,2230
2007,"Sci-Fi",6.58195718654434,654
2007,"Short",6.93509252912954,4377
2007,"Sport",7.16264534883721,688
2007,"Talk-Show",6.61225490196078,816
2007,"Thriller",6.08840284842319,983
2007,"War",7.27389937106918,318
2008,"Action",7.059766615931,3942
2008,"Adult",6.79208074534161,644
2008,"Adventure",7.25361077111383,3268
2008,"Animation",7.2814348785872,4530
2008,"Biography",7.22503888024883,643
2008,"Comedy",6.96778673400019,10297
2008,"Crime",7.11785334750266,2823
2008,"Documentary",7.28353524229075,5448
2008,"Drama",7.02104483141904,10796
2008,"Family",6.96434443963652,2311
2008,"Fantasy",7.04183123877917,1114
2008,"History",7.43201834862385,1090
2008,"Horror",5.78365730741541,1389
2008,"Music",7.05690235690236,1188
2008,"Musical",6.70169491525424,236
2008,"Mystery",7.22365512159175,1357
2008,"Other",6.27857142857143,1526
2008,"Romance",6.73053790766624,2361
2008,"Sci-Fi",6.45805142083897,739
2008,"Short",6.94154706430569,5365
2008,"Sport",7.16213183730715,713
2008,"Talk-Show",6.29561403508772,912
2008,"Thriller",6.30162308385933,1109
2008,"War",7.30498442367601,321
2009,"Action",7.08876946698837,4559
2009,"Adult",6.59090909090909,561
2009,"Adventure",7.29895965490992,3941
2009,"Animation",7.2940310880829,4825
2009,"Biography",7.31806615776081,786
2009,"Comedy",7.02328042328042,12285
2009,"Crime",7.19427580225499,3459
2009,"Documentary",7.35274945679425,5983
2009,"Drama",7.04568675076393,12763
2009,"Family",7.14460486322188,2632
2009,"Fantasy",6.98973977695167,1345
2009,"History",7.40178837555887,1342
2009,"Horror",5.95708430913349,1708
2009,"Music",7.11989978525412,1397
2009,"Musical",7.05880149812734,267
2009,"Mystery",7.15597519729425,1774
2009,"Other",6.85713425647201,1661
2009,"Romance",6.8028980052691,2657
2009,"Sci-Fi",6.66545988258317,1022
2009,"Short",6.98163995908626,5866
2009,"Sport",7.27747875354108,706
2009,"Talk-Show",7.10334101382488,868
2009,"Thriller",6.27571860816944,1322
2009,"War",7.25963541666667,384
2010,"Action",7.1550070238812,4983
2010,"Adult",6.59077181208054,596
2010,"Adventure",7.32830235439901,4035
2010,"Animation",7.26604150039904,5012
2010,"Biography",7.23323671497585,1035
2010,"Comedy",7.04728569237847,13042
2010,"Crime",7.27063841496973,3634
2010,"Documentary",7.37231673368388,6466
2010,"Drama",7.09424686192469,13384
2010,"Family",7.23244301994302,2808
2010,"Fantasy",7.15646050214329,1633
2010,"History",7.3461752433936,1438
2010,"Horror",6.2010411502231,2017
2010,"Music",7.1245492371706,1442
2010,"Musical",6.88604651162791,258
2010,"Mystery",7.26526757607555,1906
2010,"Other",6.91695938529089,1822
2010,"Romance",6.86421261142291,3029
2010,"Sci-Fi",6.71268656716418,1072
2010,"Short",6.98585537328423,5974
2010,"Sport",7.19819915254237,944
2010,"Talk-Show",6.90959367945824,886
2010,"Thriller",6.39380764163373,1518
2010,"War",7.18229813664596,322
2011,"Action",7.1593557472276,5681
2011,"Adult",6.33112701252236,559
2011,"Adventure",7.40324647586502,4682
2011,"Animation",7.30114739629303,5665
2011,"Biography",7.26935779816514,1090
2011,"Comedy",7.12485145282403,15315
2011,"Crime",7.2869864640228,4211
2011,"Documentary",7.40298744407562,6929
2011,"Drama",7.13637967297646,14739
2011,"Family",7.27438131753224,2869
2011,"Fantasy",7.08159871244635,1864
2011,"History",7.25799863852961,1469
2011,"Horror",6.26214482126489,2182
2011,"Music",7.16367628607277,1594
2011,"Musical",7.09198606271777,287
2011,"Mystery",7.22013218098627,1967
2011,"Other",7.08853556485355,2390
2011,"Romance",6.95276785714286,3360
2011,"Sci-Fi",6.90042301184433,1182
2011,"Short",7.03160637189221,6717
2011,"Sport",7.16452004860267,823
2011,"Talk-Show",7.13511859219587,1307
2011,"Thriller",6.450207223209,1689
2011,"War",6.91093247588424,311
2012,"Action",7.21018533978961,5989
2012,"Adult",6.21360424028269,566
2012,"Adventure",7.37523886968896,4919
2012,"Animation",7.32172478793591,6366
2012,"Biography",7.41923076923077,1326
2012,"Comedy",7.17412162162162,16280
2012,"Crime",7.35005478851633,4563
2012,"Documentary",7.41403785488959,7608
2012,"Drama",7.22948065485315,16309
2012,"Family",7.12892561983471,3267
2012,"Fantasy",7.19058441558442,2156
2012,"History",7.33244296048971,1797
2012,"Horror",6.28028052805281,2424
2012,"Music",7.13871527777778,1728
2012,"Musical",7.13556338028169,284
2012,"Mystery",7.23717703349282,2090
2012,"Other",6.96544276457883,2315
2012,"Romance",7.16850767085077,3585
2012,"Sci-Fi",6.79702380952381,1344
2012,"Short",7.0574649859944,7140
2012,"Sport",7.19867841409692,908
2012,"Talk-Show",7.09758378799688,1283
2012,"Thriller",6.73513243378311,2001
2012,"War",6.92777777777778,288
2013,"Action",7.14479652065859,6438
2013,"Adult",6.20480620155039,645
2013,"Adventure",7.28737214059885,5377
2013,"Animation",7.32323093382241,6543
2013,"Biography",7.30433884297521,1452
2013,"Comedy",7.11669437188316,16844
2013,"Crime",7.33065507737969,4717
2013,"Documentary",7.35499486389317,7788
2013,"Drama",7.12301799838077,16057
2013,"Family",7.27478210342824,3442
2013,"Fantasy",7.12514677103718,2044
2013,"History",7.35289817232376,1915
2013,"Horror",6.20542168674699,2490
2013,"Music",7.12484700122399,1634
2013,"Musical",7.30505319148936,376
2013,"Mystery",7.17065737919025,2297
2013,"Other",7.01438906752412,2488
2013,"Romance",7.03161222339305,3796
2013,"Sci-Fi",6.885554866708,1613
2013,"Short",6.96948283231229,7019
2013,"Sport",7.32572145545797,797
2013,"Talk-Show",7.06296296296296,1377
2013,"Thriller",6.43405762871989,2117
2013,"War",7.05893854748603,358
2014,"Action",7.24194488992565,6859
2014,"Adult",6.13157076205288,643
2014,"Adventure",7.34681728527882,5577
2014,"Animation",7.2854564132668,6814
2014,"Biography",7.29029850746269,1608
2014,"Comedy",7.15222017939718,17949
2014,"Crime",7.36831924882629,5325
2014,"Documentary",7.38915503129514,8308
2014,"Drama",7.20394838556223,16817
2014,"Family",7.14020085209982,3286
2014,"Fantasy",7.16822388717497,2269
2014,"History",7.52755102040816,2254
2014,"Horror",6.17492354740061,2616
2014,"Music",7.20129259694477,1702
2014,"Musical",7.08025078369906,319
2014,"Mystery",7.19429037520392,2452
2014,"Other",7.12524822695035,2820
2014,"Romance",7.11639458955224,4288
2014,"Sci-Fi",6.95948372615039,1782
2014,"Short",7.05667289182589,6961
2014,"Sport",7.24090909090909,946
2014,"Talk-Show",6.97519337016575,1810
2014,"Thriller",6.45830748781568,2257
2014,"War",7.6472049689441,644
2015,"Action",7.13364589078875,7252
2015,"Adult",6.31841620626151,543
2015,"Adventure",7.24597775270031,6203
2015,"Animation",7.34520665901263,6968
2015,"Biography",7.25283687943262,1692
2015,"Comedy",7.10937313432836,18425
2015,"Crime",7.36181246726035,5727
2015,"Documentary",7.27831069108092,8465
2015,"Drama",7.18420184321311,17578
2015,"Family",7.16811286407767,3296
2015,"Fantasy",7.26320754716981,2544
2015,"History",7.37447432762836,2045
2015,"Horror",6.17671794871795,2925
2015,"Music",7.10292807129217,1571
2015,"Musical",7.01289398280802,349
2015,"Mystery",7.15569230769231,2600
2015,"Other",7.03975862068965,2900
2015,"Romance",7.10870503597122,4170
2015,"Sci-Fi",6.85981912144703,1548
2015,"Short",7.03921810699589,7290
2015,"Sport",7.29567567567568,925
2015,"Talk-Show",6.87754090233019,2017
2015,"Thriller",6.50216503267974,2448
2015,"War",7.31216545012165,411
2016,"Action",7.21536398981097,7459
2016,"Adult",6.73098039215686,510
2016,"Adventure",7.34394400486914,6572
2016,"Animation",7.32618337440021,7711
2016,"Biography",7.3350443599493,1578
2016,"Comedy",7.14320900060815,19732
2016,"Crime",7.3630594629156,6256
2016,"Documentary",7.33872743284897,9084
2016,"Drama",7.24628003575372,19019
2016,"Family",7.19309242085066,3127
2016,"Fantasy",7.26647123488457,2729
2016,"History",7.49922161172161,2184
2016,"Horror",6.12345337026777,3249
2016,"Music",7.22904516866781,1749
2016,"Musical",7.17602739726027,438
2016,"Mystery",7.13700374531835,2670
2016,"Other",7.06020976728941,3051
2016,"Romance",7.18654359430605,4496
2016,"Sci-Fi",6.8805023923445,1672
2016,"Short",7.11547174358356,8299
2016,"Sport",7.19232673267327,1212
2016,"Talk-Show",6.81327294210319,2539
2016,"Thriller",6.40405819295559,2612
2016,"War",7.46635294117647,425
