"","crop","year","yield"
"1","maize",1981,12524.9140453144
"2","maize",1982,42350.0627481639
"3","maize",1983,38091.6184557769
"4","maize",1984,41980.8969392404
"5","maize",1985,43999.0925270468
"6","maize",1986,44704.7489446271
"7","maize",1987,44683.0005381349
"8","maize",1988,41759.3672673926
"9","maize",1989,45598.7358732149
"10","maize",1990,47187.3077875674
"11","maize",1991,46293.208674442
"12","maize",1992,48599.8083900679
"13","maize",1993,47650.8043110818
"14","maize",1994,50674.2849899959
"15","maize",1995,49839.1237373799
"16","maize",1996,53304.2207511105
"17","maize",1997,52232.1386010293
"18","maize",1998,55293.9422312435
"19","maize",1999,54626.9051905852
"20","maize",2000,55170.4942532592
"21","maize",2001,57180.6932151951
"22","maize",2002,57043.2551650479
"23","maize",2003,58667.2973300107
"24","maize",2004,62241.134543065
"25","maize",2005,62053.129308356
"26","maize",2006,62506.373108808
"27","maize",2007,62801.5667627566
"28","maize",2008,65311.3708993867
"29","maize",2009,65616.4145489
"30","maize",2010,67706.5382855609
"31","maize",2011,59940.6458727382
"32","maize",2012,57373.2577921078
"33","maize",2013,62649.7633894309
"34","maize",2014,65432.539790526
"35","maize",2015,61505.4034909904
"36","maize",2016,65079.8314543292
"37","maize_major",1981,11556.4568572725
"38","maize_major",1982,42397.1047062632
"39","maize_major",1983,38091.6098076664
"40","maize_major",1984,42097.3097929563
"41","maize_major",1985,44114.5791250952
"42","maize_major",1986,44801.2747613508
"43","maize_major",1987,44775.7010708917
"44","maize_major",1988,41856.5876347646
"45","maize_major",1989,45705.7354029994
"46","maize_major",1990,47201.4993726555
"47","maize_major",1991,46289.4745064806
"48","maize_major",1992,48661.5581431184
"49","maize_major",1993,47697.679695148
"50","maize_major",1994,50725.8084255792
"51","maize_major",1995,49820.2262514513
"52","maize_major",1996,53324.3205836937
"53","maize_major",1997,52312.451122744
"54","maize_major",1998,55218.6302385125
"55","maize_major",1999,54688.7582342904
"56","maize_major",2000,55189.2866572812
"57","maize_major",2001,57249.3023472894
"58","maize_major",2002,57081.0780013613
"59","maize_major",2003,58614.7124264725
"60","maize_major",2004,62272.0727725979
"61","maize_major",2005,62006.9042284545
"62","maize_major",2006,62493.3531243131
"63","maize_major",2007,62701.4111182652
"64","maize_major",2008,65316.2590634264
"65","maize_major",2009,65551.9328189455
"66","maize_major",2010,67633.0340519659
"67","maize_major",2011,59955.9424357824
"68","maize_major",2012,57368.2936529219
"69","maize_major",2013,62651.2826779038
"70","maize_major",2014,65444.3697197363
"71","maize_major",2015,57774.3311701789
"72","maize_major",2016,65090.8898681402
"73","maize_second",1981,1570.66825802065
"74","maize_second",1982,3680.09316982329
"75","maize_second",1983,3663.35336536914
"76","maize_second",1984,3635.92269195244
"77","maize_second",1985,3857.62649673037
"78","maize_second",1986,3867.98621594906
"79","maize_second",1987,4079.00407764316
"80","maize_second",1988,3920.02153985761
"81","maize_second",1989,4349.12230897881
"82","maize_second",1990,4244.80642931908
"83","maize_second",1991,4155.76866087317
"84","maize_second",1992,4337.96496611275
"85","maize_second",1993,4567.63790547103
"86","maize_second",1994,4227.39748529345
"87","maize_second",1995,5042.70259647071
"88","maize_second",1996,5194.64225806948
"89","maize_second",1997,4860.51376660913
"90","maize_second",1998,5484.98919006437
"91","maize_second",1999,5272.37932296656
"92","maize_second",2000,5384.05713663623
"93","maize_second",2001,6300.32651717961
"94","maize_second",2002,5648.89366672188
"95","maize_second",2003,6615.28198494017
"96","maize_second",2004,5838.42708744109
"97","maize_second",2005,5837.17049451172
"98","maize_second",2006,5997.90800732747
"99","maize_second",2007,6639.96010615677
"100","maize_second",2008,6587.48759523034
"101","maize_second",2009,6555.48715876415
"102","maize_second",2010,7323.01315796003
"103","maize_second",2011,5872.95923183858
"104","maize_second",2012,6727.05385802686
"105","maize_second",2013,6786.68624035269
"106","maize_second",2014,6416.91558050364
"107","maize_second",2015,9253.5132856369
"108","maize_second",2016,6105.65418265015
"109","rice",1981,9503.21160469204
"110","rice",1982,31785.7081475109
"111","rice",1983,31480.5814794451
"112","rice",1984,33314.8282940742
"113","rice",1985,33267.3515544403
"114","rice",1986,33600.0779096913
"115","rice",1987,33879.508681003
"116","rice",1988,33912.5389214922
"117","rice",1989,36852.6228187885
"118","rice",1990,35393.3527275957
"119","rice",1991,37013.4167390245
"120","rice",1992,36601.830461286
"121","rice",1993,38023.7538960464
"122","rice",1994,37636.8758772742
"123","rice",1995,37939.9112285636
"124","rice",1996,40497.7455267087
"125","rice",1997,39249.2050391138
"126","rice",1998,39191.8614912387
"127","rice",1999,41714.1485297959
"128","rice",2000,41059.2700857483
"129","rice",2001,42472.5459886007
"130","rice",2002,42622.1557807736
"131","rice",2003,41965.4593005851
"132","rice",2004,42128.3421260249
"133","rice",2005,43123.80651253
"134","rice",2006,44555.1311251661
"135","rice",2007,44425.3262299467
"136","rice",2008,46289.6470596865
"137","rice",2009,46519.3340498973
"138","rice",2010,47799.7446855977
"139","rice",2011,42217.5623705834
"140","rice",2012,42800.549671486
"141","rice",2013,41604.0157444105
"142","rice",2014,44602.8601799458
"143","rice",2015,39819.4069062546
"144","rice",2016,44158.2454109415
"145","rice_major",1981,7805.27279953659
"146","rice_major",1982,31383.781575229
"147","rice_major",1983,31176.9202685207
"148","rice_major",1984,32738.8484393638
"149","rice_major",1985,33029.0424321685
"150","rice_major",1986,33082.019746853
"151","rice_major",1987,33526.714673344
"152","rice_major",1988,33784.9601298291
"153","rice_major",1989,36283.3449071553
"154","rice_major",1990,35161.7002046295
"155","rice_major",1991,36438.882778995
"156","rice_major",1992,36200.7068771198
"157","rice_major",1993,37524.7974024452
"158","rice_major",1994,37391.4221189301
"159","rice_major",1995,37386.6282191835
"160","rice_major",1996,39732.2137296423
"161","rice_major",1997,39100.7241257429
"162","rice_major",1998,38686.4627232309
"163","rice_major",1999,41521.9196608197
"164","rice_major",2000,40938.4884677194
"165","rice_major",2001,41988.3829894848
"166","rice_major",2002,42253.401566375
"167","rice_major",2003,41392.1749029532
"168","rice_major",2004,41799.5874011796
"169","rice_major",2005,42663.880740176
"170","rice_major",2006,44095.1102566412
"171","rice_major",2007,43980.6833941061
"172","rice_major",2008,45821.644561626
"173","rice_major",2009,46199.6448229868
"174","rice_major",2010,47181.2671926543
"175","rice_major",2011,41853.2782288939
"176","rice_major",2012,42289.9615399688
"177","rice_major",2013,41261.5841526315
"178","rice_major",2014,44031.5893407017
"179","rice_major",2015,38819.3186960593
"180","rice_major",2016,43875.8650699481
"181","rice_second",1981,1813.71782565117
"182","rice_second",1982,6646.70291636139
"183","rice_second",1983,6521.34059756994
"184","rice_second",1984,6843.57187901437
"185","rice_second",1985,6479.82431869954
"186","rice_second",1986,6993.94672654942
"187","rice_second",1987,6796.27563549951
"188","rice_second",1988,6233.78156610951
"189","rice_second",1989,7329.6826100722
"190","rice_second",1990,6842.61867798865
"191","rice_second",1991,7776.89983195066
"192","rice_second",1992,7114.49301914126
"193","rice_second",1993,7404.75975534692
"194","rice_second",1994,6639.24092766643
"195","rice_second",1995,7593.39348866791
"196","rice_second",1996,8432.26495412737
"197","rice_second",1997,7182.51545925438
"198","rice_second",1998,8022.58034617826
"199","rice_second",1999,7550.0486806035
"200","rice_second",2000,7534.52245689929
"201","rice_second",2001,8001.36277693138
"202","rice_second",2002,8037.11443567276
"203","rice_second",2003,8679.86412327737
"204","rice_second",2004,8200.58520908095
"205","rice_second",2005,8391.82774649747
"206","rice_second",2006,8560.61495253071
"207","rice_second",2007,8737.37875926495
"208","rice_second",2008,8824.57761056535
"209","rice_second",2009,8653.7636362277
"210","rice_second",2010,8992.55171997286
"211","rice_second",2011,8101.27501824498
"212","rice_second",2012,8241.04484275356
"213","rice_second",2013,7955.55530088395
"214","rice_second",2014,8533.28308103234
"215","rice_second",2015,6936.05331731215
"216","rice_second",2016,7919.49290390313
"217","soybean",1981,3694.25689587742
"218","soybean",1982,10048.2289428897
"219","soybean",1983,10133.0851886831
"220","soybean",1984,10505.5664499514
"221","soybean",1985,11292.4937200993
"222","soybean",1986,11096.5536761172
"223","soybean",1987,11117.4958871584
"224","soybean",1988,10911.9418196194
"225","soybean",1989,11229.9185020104
"226","soybean",1990,12114.5890044793
"227","soybean",1991,11445.6131421141
"228","soybean",1992,11671.0109799616
"229","soybean",1993,12315.6476997994
"230","soybean",1994,12713.3842952214
"231","soybean",1995,12476.4182324558
"232","soybean",1996,13166.2116973363
"233","soybean",1997,13259.7435816228
"234","soybean",1998,13899.2073080689
"235","soybean",1999,13397.2454988137
"236","soybean",2000,13042.8651908115
"237","soybean",2001,14126.4489955977
"238","soybean",2002,14116.6841827482
"239","soybean",2003,13718.3034319878
"240","soybean",2004,13756.3528965265
"241","soybean",2005,14005.5849089995
"242","soybean",2006,14078.9787764698
"243","soybean",2007,13793.6625356004
"244","soybean",2008,14000.5914149806
"245","soybean",2009,13915.4553956538
"246","soybean",2010,14863.6330278441
"247","soybean",2011,13764.9487845674
"248","soybean",2012,13232.7063030154
"249","soybean",2013,13579.9636223689
"250","soybean",2014,13804.0111358166
"251","soybean",2015,12352.7454916537
"252","soybean",2016,14502.6601845399
"253","wheat",1981,3937.34416090511
"254","wheat",1982,38496.9674147489
"255","wheat",1983,40781.1206793208
"256","wheat",1984,42175.9428135492
"257","wheat",1985,41621.3212461565
"258","wheat",1986,41156.2085226364
"259","wheat",1987,41685.4139061812
"260","wheat",1988,40975.5531055788
"261","wheat",1989,41157.674199719
"262","wheat",1990,41985.616021865
"263","wheat",1991,39926.507303251
"264","wheat",1992,43091.6090365117
"265","wheat",1993,40889.0502973674
"266","wheat",1994,43578.7720489036
"267","wheat",1995,39798.1799147762
"268","wheat",1996,43894.4016005751
"269","wheat",1997,43299.928356831
"270","wheat",1998,44115.4337790217
"271","wheat",1999,45514.293301357
"272","wheat",2000,43244.789381546
"273","wheat",2001,44991.1858838107
"274","wheat",2002,42828.6511985753
"275","wheat",2003,44934.4352866942
"276","wheat",2004,47613.5182056054
"277","wheat",2005,46288.4983805181
"278","wheat",2006,47527.9248125972
"279","wheat",2007,45310.6126031354
"280","wheat",2008,48499.8893545177
"281","wheat",2009,48037.748052083
"282","wheat",2010,49474.019039602
"283","wheat",2011,43545.7552360147
"284","wheat",2012,42951.565989133
"285","wheat",2013,44410.9377947859
"286","wheat",2014,44001.2499622665
"287","wheat",2015,37523.993591994
"288","wheat",2016,45504.3499013148
"289","wheat_spring",1981,2101.71612009779
"290","wheat_spring",1982,18163.4509413298
"291","wheat_spring",1983,19359.5163413063
"292","wheat_spring",1984,19436.4576467909
"293","wheat_spring",1985,19469.2539396696
"294","wheat_spring",1986,19314.3939654827
"295","wheat_spring",1987,19019.6580714621
"296","wheat_spring",1988,18670.0269276723
"297","wheat_spring",1989,18398.168067798
"298","wheat_spring",1990,18557.8059195802
"299","wheat_spring",1991,17381.5650059208
"300","wheat_spring",1992,19708.7926096469
"301","wheat_spring",1993,17986.5357675925
"302","wheat_spring",1994,20634.805757463
"303","wheat_spring",1995,17021.6289163642
"304","wheat_spring",1996,19370.5019837506
"305","wheat_spring",1997,18227.6675254777
"306","wheat_spring",1998,18150.7939347476
"307","wheat_spring",1999,19366.3446792476
"308","wheat_spring",2000,17931.1355259679
"309","wheat_spring",2001,19593.0579869896
"310","wheat_spring",2002,17723.8357228786
"311","wheat_spring",2003,19362.9047897086
"312","wheat_spring",2004,19914.4649826735
"313","wheat_spring",2005,19775.2400399186
"314","wheat_spring",2006,20391.2553103156
"315","wheat_spring",2007,18710.5463374928
"316","wheat_spring",2008,20169.1611298025
"317","wheat_spring",2009,19815.1670033373
"318","wheat_spring",2010,21206.2368501909
"319","wheat_spring",2011,17774.4947968647
"320","wheat_spring",2012,17191.9171814248
"321","wheat_spring",2013,17926.2902474403
"322","wheat_spring",2014,17921.2339357808
"323","wheat_spring",2015,13780.6013689935
"324","wheat_spring",2016,18389.9579912126
"325","wheat_winter",1981,1835.62804092653
"326","wheat_winter",1982,23633.7399468357
"327","wheat_winter",1983,24827.589275701
"328","wheat_winter",1984,26200.300703086
"329","wheat_winter",1985,25391.5751219038
"330","wheat_winter",1986,25354.2417562492
"331","wheat_winter",1987,26020.7488331851
"332","wheat_winter",1988,25603.7493133852
"333","wheat_winter",1989,26133.9759969972
"334","wheat_winter",1990,26915.4670570204
"335","wheat_winter",1991,26017.3761071488
"336","wheat_winter",1992,26850.2951230993
"337","wheat_winter",1993,26449.4154499574
"338","wheat_winter",1994,26301.7424148452
"339","wheat_winter",1995,26066.0041349679
"340","wheat_winter",1996,28254.6460677404
"341","wheat_winter",1997,28580.6108174594
"342","wheat_winter",1998,29646.5839831121
"343","wheat_winter",1999,29751.9348792676
"344","wheat_winter",2000,28791.8567513535
"345","wheat_winter",2001,29005.6844734084
"346","wheat_winter",2002,28419.9785076994
"347","wheat_winter",2003,29157.8962435285
"348","wheat_winter",2004,31526.540266186
"349","wheat_winter",2005,30053.3427347117
"350","wheat_winter",2006,30843.0361260409
"351","wheat_winter",2007,30011.9920310229
"352","wheat_winter",2008,31966.2765212264
"353","wheat_winter",2009,32059.3307312094
"354","wheat_winter",2010,32135.8541518943
"355","wheat_winter",2011,29011.4269826934
"356","wheat_winter",2012,29001.7767269351
"357","wheat_winter",2013,29562.9420042448
"358","wheat_winter",2014,28978.3967176266
"359","wheat_winter",2015,25696.667590946
"360","wheat_winter",2016,30221.8238936029
